#{"t_start": 1789406170.1643298, "env_id": "Atom-v1"}
r,l,t
-58.15456,345,3.011318
322.037946,1000,4.010175
-54.429386,340,4.373509
1095.602092,1000,5.362717
-149.326718,171,5.500276
-143.972394,179,5.648888
26.313046,244,5.940415
-92.108628,198,6.098957
80.700321,253,6.396179
-77.318116,200,6.555517
724.372254,788,7.371845
-1.607591,262,7.586375
-6.811963,245,7.877457
642.990604,987,8.87277
-74.968684,182,9.017838
-68.448996,195,9.172895
-350.697232,338,9.537698
-438.0501,857,10.417436
424.453932,670,11.149978
542.797993,516,11.652748
298.917966,636,12.252871
184.120525,748,13.043657
171.906599,293,13.27503
1780.194861,1000,14.379298
1280.632591,1000,15.361246
46.00695,239,15.648709
725.427514,852,16.532889
1259.397789,914,17.451322
1088.293778,973,18.413524
691.843948,694,19.167788
1525.215258,1000,20.150857
79.023041,243,20.562343
823.44872,888,21.45514
1635.797185,1000,22.350963
-237.058106,334,22.723761
35.079206,244,23.016188
13.647905,225,23.198211
1814.500245,1000,24.191069
1551.030394,1000,25.181383
1880.997601,1000,26.172115
233.743433,407,26.588817
573.047417,700,27.24119
857.007858,984,28.2302
968.14535,909,29.148562
673.5573,783,29.869625
13.575587,212,30.131984
1058.109144,1000,31.121548
-182.281307,377,31.426341
151.644374,454,31.883853
1415.906107,1000,32.88167
1447.729122,1000,33.880121
-428.90195,273,34.19106
760.069454,610,34.786777
147.972529,563,35.335811
449.177647,739,36.024828
709.837421,595,36.686257
192.758799,672,37.316768
77.888795,284,37.542506
16.295383,242,37.827693
113.921987,317,38.184571
49.716471,226,38.364894
1281.373465,1000,39.362557
-73.017646,535,39.885375
-285.738488,276,40.198492
489.63036,671,40.83021
-145.381434,418,41.258898
1034.825381,831,42.016614
694.303913,881,42.907912
1857.93227,1000,43.90207
-52.106857,487,44.384668
1460.703671,1000,45.371244
400.045523,692,46.017393
303.374468,532,46.547699
8.063134,392,46.956748
1486.52152,1000,47.94551
536.437529,701,48.598521
802.372094,780,49.40816
1663.247017,1000,50.401598
-195.010352,273,50.621038
1825.94172,1000,51.715628
87.397437,242,52.000855
217.841968,337,52.269093
141.416782,413,55.170653
532.735234,657,56.101114
51.213742,220,56.276162
221.161626,651,56.9983
1969.504921,1000,58.229739
231.802597,694,59.192037
1009.616161,898,60.147452
208.898743,440,60.702335
251.130351,379,61.23078
73.572907,254,61.434211
-81.145562,317,61.920403
1909.535989,1000,63.19171
772.23128,844,64.31163
75.098541,271,64.527305
574.265312,809,65.640241
-45.729266,184,65.78785
25.165832,221,66.202348
8.130751,219,66.383413
-14.374802,208,66.550819
504.909407,446,67.13493
802.693307,816,68.253779
-107.260452,514,68.900216
-129.041215,411,69.470196
120.763812,488,70.071582
1087.839265,935,71.050252
-115.304541,315,71.50393
28.02801,209,71.670137
-43.490219,358,72.168716
246.878848,550,72.811511
38.044084,215,73.211143
703.685185,612,73.901101
74.302996,229,74.084335
347.958836,645,75.047193
-64.019245,378,75.348737
-200.046571,248,75.772579
53.542768,217,75.944458
-112.20104,470,76.547673
-137.477602,410,77.081272
-331.300392,227,77.262405
590.461769,558,77.921195
178.735228,393,78.435548
-193.542868,306,78.890365
422.568813,401,79.443167
439.537322,482,80.060309
125.292045,221,80.238867
-281.223466,250,80.436969
-133.812954,358,80.955632
95.82763,287,81.390446
937.370591,1000,82.627414
-207.006529,212,82.795554
-269.638842,222,83.168564
148.446127,444,83.532044
608.331755,518,84.171606
-337.16753,265,84.593327
-178.058773,364,85.119954
692.792859,846,86.023825
48.499403,397,86.543867
382.690264,543,87.216741
912.146891,778,88.283375
-213.710502,236,88.472331
106.999352,233,88.889553
175.17507,281,89.114386
951.749675,1000,90.379343
40.562552,483,90.987566
-95.926732,273,91.431353
574.584626,615,92.163893
644.463013,840,93.064935
622.565964,526,93.684235
-7.236401,221,94.082469
284.080623,492,94.70047
290.916833,677,95.480221
187.228696,385,96.02161
378.412128,443,96.601823
1053.695579,1000,97.841956
-46.387683,225,98.023861
260.602483,455,98.594426
-21.521421,229,98.777943
-171.660708,186,99.138126
-176.384728,177,99.281456
-27.729895,219,99.665147
-183.045641,186,99.816151
-89.194462,245,100.015611
-160.558504,191,100.370667
-73.760946,206,100.535689
-100.312936,256,100.966942
-81.543262,258,101.175485
200.902998,581,101.87044
705.172315,1000,102.868742
-124.357053,204,103.126246
-80.519569,234,103.314723
-18.97932,272,103.733025
60.064004,307,103.980272
-96.854446,269,104.433453
-43.635573,223,104.614653
615.124121,852,105.719367
-55.52859,233,105.907106
410.716368,680,106.895195
-43.521585,270,107.114331
1447.14745,1000,108.218676
1071.752015,1000,109.211352
12.303323,271,109.521569
20.52507,241,109.715397
-63.41974,233,109.996418
-7.083464,259,110.206632
103.225084,301,110.544999
245.348366,393,110.860721
136.23523,327,111.218113
-10.348168,263,111.521853
-2.521205,251,111.723347
-7.391984,267,112.030449
21.153082,267,112.242958
104.763846,316,112.590002
-91.649915,236,112.780578
235.436271,523,113.298957
-1.944376,238,113.59233
94.090149,283,113.819694
172.918552,326,114.17517
1246.12523,1000,116.110891
80.728478,265,116.326774
1908.229119,1000,117.326416
689.605981,613,118.004204
399.176414,450,118.369046
118.298278,266,118.677782
641.844593,846,119.549024
-252.765134,381,119.857098
7.790256,274,120.169932
506.720997,708,120.831088
525.260494,828,121.684584
25.773462,246,121.881977
54.700998,309,122.225151
591.680067,511,122.729897
179.562126,389,123.136127
368.345858,600,123.712106
103.375944,450,124.165591
-299.465547,241,124.360178
-32.774424,377,124.769606
-91.943016,433,125.21013
-218.633904,315,125.463021
-191.405437,276,125.778892
-83.67834,432,126.335845
165.132428,404,126.885299
131.392083,457,127.258878
-146.903116,307,127.748389
-158.756845,342,128.262846
-1.564187,268,128.480175
632.15316,870,129.645338
151.093465,522,130.306842
6.274166,240,130.502345
447.778205,674,131.474548
150.465783,518,131.987602
-268.418903,278,132.211738
534.310021,593,132.783979
-280.780297,232,133.067644
-169.733483,405,133.489069
-153.841561,331,133.757912
237.476662,529,134.278868
131.145118,305,134.621129
154.224273,483,135.107744
-139.224845,344,135.481446
307.5095,750,136.188765
-474.377544,251,136.485122
27.449809,233,136.674221
61.441516,370,137.069991
60.108076,214,137.243553
-266.113853,217,137.514321
445.224016,586,138.189966
63.625633,247,138.388471
-306.416655,217,138.779123
160.113902,350,139.062489
-435.342534,255,139.361608
101.738184,288,139.592624
-85.593718,206,139.853215
76.400505,282,140.082521
299.84073,538,140.61394
-7.366351,244,140.905498
-31.98852,241,141.100314
179.87982,471,141.577634
-63.463404,200,141.831108
-20.676497,214,142.002972
-70.872673,221,142.182487
-32.328957,183,142.423486
34.671685,227,142.607316
88.717007,242,142.8966
-82.435342,189,143.050147
-139.432352,151,143.172494
-80.38154,354,143.554092
11.891256,288,143.87989
-212.004079,260,144.093237
-2.80301,237,144.379513
272.508477,432,144.732576
-84.660538,218,145.006514
5.106366,225,145.189756
-320.748698,257,145.493026
185.895461,514,146.004574
191.868467,337,146.371792
-60.435767,182,146.518916
-334.150179,246,146.720815
-111.973975,167,146.949775
-371.659078,282,147.181064
-41.754776,199,147.437106
-90.305886,157,147.565174
-150.822329,158,147.693959
-67.100062,203,147.953217
10.049454,263,148.166775
-87.949004,163,148.299697
-44.635059,213,148.567793
-57.243743,217,148.745051
-92.206935,211,149.011539
-91.508244,162,149.143892
200.564447,303,149.485749
-118.119634,151,149.608594
-95.036603,184,149.758944
-38.394559,204,150.019602
-128.36386,163,150.154539
-134.442215,146,150.272959
-39.702233,249,150.568158
-36.433191,202,150.73346
13.158902,231,151.015462
653.617394,459,151.480986
-156.586004,165,151.615891
-58.801653,211,151.786015
-16.162651,236,152.070058
-16.993773,232,152.25967
322.501632,796,153.094405
242.532244,648,153.717532
-1.406558,214,153.890434
9.697468,237,154.176004
238.937482,530,154.703224
34.997382,506,155.212735
-333.984428,341,155.582719
-368.296186,248,155.786007
224.295461,595,156.364453
-182.026745,320,156.721634
182.264532,558,157.271354
-199.102038,344,157.644969
241.870912,651,158.270616
-3.658524,499,158.771349
-187.319643,430,159.216748
356.915182,741,159.920232
-12.341384,404,160.342819
13.137629,258,160.551588
340.234678,626,161.254338
209.40826,574,161.817286
359.010591,549,162.360012
297.143275,518,162.876801
26.471188,401,163.297062
-215.627609,365,163.595767
-298.673684,241,163.885589
-326.828571,299,164.132456
204.629868,584,164.911553
-336.831417,295,165.153429
-91.087756,427,165.594047
-216.605463,287,165.828098
513.982941,617,166.518801
179.021138,456,167.951743
211.993249,478,168.435792
315.173454,545,168.973158
50.48147,376,169.281351
-186.153757,314,169.634155
646.677124,682,170.420335
-41.971214,381,170.960612
931.347329,812,171.927841
251.973119,538,172.462741
593.58795,782,173.298955
1301.642678,1000,174.410903
74.277714,291,174.74855
-21.675276,228,174.934824
1098.379642,1000,175.944466
-27.940432,295,176.28092
-84.107339,422,176.626012
-129.209937,250,176.92121
989.668754,1000,177.939915
37.706015,415,178.368727
733.555866,1000,179.3875
775.617239,1000,180.395799
-89.962376,330,180.664352
-211.156838,148,180.87769
-122.28278,253,181.080737
-44.850179,585,181.647021
-107.354439,213,181.912404
-3.503168,319,182.174741
-121.870206,324,182.529007
-161.06393,208,182.699198
26.825428,365,183.089208
-141.537083,207,183.255907
-114.010814,211,183.520303
70.481206,399,183.938995
-2.233128,560,184.493219
67.708368,378,184.805306
45.729718,334,185.174431
841.446802,1000,186.206242
-118.384695,210,186.376031
463.094675,1000,187.388456
880.935279,1000,188.400522
-226.554272,361,188.793408
-8.707202,556,189.350584
188.829676,501,189.853323
-79.323144,248,190.254584
873.867321,1000,191.508084
744.617923,1000,192.650848
838.822191,1000,193.573025
-21.18831,261,193.879655
-106.349949,265,194.293069
914.220583,1000,195.278179
26.459382,301,195.6964
98.933895,1000,196.699993
184.811102,623,197.302758
160.602663,564,197.857148
-14.154204,252,198.154315
380.527651,658,198.793066
-99.654287,369,199.189812
-113.148951,198,199.350844
293.159839,730,200.223981
242.046217,842,201.008123
77.249715,569,201.559634
261.410708,745,202.351209
-357.395926,1000,203.366489
155.706363,378,203.770341
95.14079,994,204.672384
-123.261307,319,205.025102
-163.564085,345,205.397495
-486.614202,414,205.825737
-511.802149,183,205.974568
-327.843706,349,206.351578
-177.324913,448,206.715103
-286.535451,496,207.211268
-391.068646,652,207.924688
-309.688798,529,208.449995
154.288392,552,208.992695
-462.771692,996,209.996568
-196.3511,375,210.39879
-511.417689,257,210.607894
-536.231002,294,210.941803
2.00868,842,211.719468
-164.825963,420,212.29648
-533.847712,155,212.422981
-125.078642,938,213.386703
-184.71036,452,213.845989
-321.923309,239,214.267232
-129.145288,186,214.417513
-250.310475,312,214.766297
-212.865729,425,215.114628
-322.390188,211,215.382656
315.888364,624,215.985828
-553.960944,191,216.139609
-451.634624,180,216.381207
-38.46673,497,216.877863
-154.320754,182,217.024471
25.087859,300,217.360543
-439.557016,805,218.104873
90.084663,466,218.710373
-14.193022,422,219.275429
101.648453,774,221.412328
-574.292469,693,222.28352
133.735563,430,222.724264
26.826314,447,223.178888
-914.031323,1000,224.080133
-55.109366,434,224.526374
-356.869921,208,224.788322
-429.831858,227,224.969614
-216.644205,323,225.322255
-364.03564,189,225.474579
90.293839,443,225.926785
-273.561117,284,226.251676
-280.156014,346,226.530252
196.589846,1000,227.52516
-205.116643,402,227.941848
-115.869173,252,228.14466
-455.873582,926,229.081391
252.277904,809,229.92441
-292.223885,360,230.309164
-286.2719,524,230.830954
-766.72523,1000,231.824095
-200.814747,335,232.093662
-161.857675,302,232.510088
271.700588,708,233.172817
-73.590841,508,233.675951
156.671013,491,234.1687
88.787451,546,234.703507
-162.056792,395,235.116955
-672.066616,733,235.799589
-240.363791,399,236.214976
11.583597,413,236.641289
40.525589,533,237.165191
-214.300221,603,237.744072
-218.073918,379,238.139626
-470.155137,507,238.640435
-354.803956,471,239.212794
-245.563062,311,239.462629
-23.703941,609,240.245927
-152.7347,194,240.40138
-477.568548,267,240.844586
479.235988,627,241.582472
228.434848,911,242.749078
-60.350151,578,243.417328
-374.616015,224,243.59571
-378.209691,345,244.051922
-90.801167,352,244.333633
-311.434716,306,244.816106
-134.070692,413,245.385464
-424.91962,151,245.507298
-183.02924,407,246.038483
-455.021442,202,246.20449
-524.336592,176,246.436862
-529.636828,167,246.570594
39.205165,610,247.153455
155.610655,353,247.532442
-150.530279,253,247.734284
131.839772,555,248.275383
-256.063074,187,248.567579
-40.728767,433,249.064584
-168.83516,246,249.287087
86.085959,345,249.689028
18.684482,567,250.284681
21.520413,343,250.802729
-152.413901,402,251.128303
-441.948991,179,251.36704
-50.072472,391,251.87427
-201.990802,169,252.013882
-320.127785,406,252.444811
-146.908248,210,252.618662
-84.875448,233,252.899085
-218.62603,154,253.024534
-280.450801,154,253.149959
-213.85546,190,253.304726
-63.72037,277,253.730166
-387.675637,244,254.023007
102.342143,320,254.28035
-348.677996,245,254.578714
-154.409011,178,254.720244
-139.932311,178,254.866098
-267.132791,299,255.325592
-158.249555,157,255.46284
306.103355,485,256.006807
-166.069836,170,256.158459
-109.673603,196,256.531918
-131.196034,134,256.655957
-160.477583,138,256.780559
-176.167131,156,257.151666
-41.20467,316,257.432013
-153.507384,187,257.844143
-143.5065,167,257.996696
-103.796076,182,258.162615
-173.301693,172,258.453312
-152.816626,161,258.596972
485.093984,433,259.139209
-106.954705,162,259.28484
-34.820772,214,259.710096
-152.895755,157,259.847903
-115.325974,140,259.984686
-98.436184,173,260.258202
-107.569088,171,260.4168
-117.998608,176,260.574356
-68.9902,204,260.890907
-107.381655,208,261.068908
29.2613,211,261.243531
-131.031259,151,261.472138
0.90925,254,261.684209
-34.706339,213,261.964657
-115.947235,193,262.122444
-394.18973,248,262.331403
-35.04318,183,262.583313
-135.183158,156,262.712367
-170.262352,153,262.836265
-165.02363,152,263.061115
-146.167456,160,263.190524
-174.45043,149,263.315218
-49.974497,202,263.67425
-91.208908,208,263.848371
-82.668609,156,263.978216
138.374152,374,264.375886
-208.742342,239,264.802243
-119.979061,225,264.988427
-170.824314,161,265.11816
-170.631031,240,265.54476
-152.047921,158,265.67161
-9.226717,203,266.062712
249.250363,479,266.737269
-26.002817,204,266.907645
-30.375836,232,267.097944
249.101816,351,267.629791
-79.375886,254,268.093982
-176.719673,152,268.221374
-123.563302,169,268.365783
-86.255187,229,268.821118
-96.911615,189,268.997739
-176.03664,156,269.206877
-153.07425,164,269.793837
-50.998711,212,270.083326
-145.22785,262,270.735298
-125.632456,159,270.949217
-187.503701,169,271.174238
-124.965271,167,271.550853
-333.096929,281,271.935787
-89.059308,196,272.197141
-108.145891,247,272.699319
-149.987149,151,272.900771
-34.372734,227,273.371108
-7.766117,314,273.787615
5.468923,369,274.442408
-103.185069,450,275.251482
-153.116901,394,275.936638
84.245882,441,276.528926
-45.73286,218,276.98411
-36.919531,257,277.334338
-166.841806,166,277.696952
-37.340009,338,278.147782
203.753264,333,278.747194
225.408077,506,279.640536
207.633486,372,280.286614
-259.392896,234,282.313785
-0.527654,241,282.779999
-322.431995,286,283.162538
-96.190397,246,283.625547
43.837305,269,283.98452
-33.073752,327,284.566539
-355.852364,251,284.897602
-367.072977,226,285.350853
-373.270496,153,285.565634
-121.216422,1000,287.368
-87.650919,188,287.637276
-654.792511,722,289.118336
-428.492672,215,289.457832
132.411511,533,290.355929
57.160247,257,290.867743
9.160034,353,291.49354
-56.571155,311,291.935572
-168.436125,170,292.198508
243.364009,779,293.619527
-129.024757,303,294.18205
-240.896339,468,294.826115
-343.152861,165,295.208802
-137.346104,364,296.029561
45.096909,386,296.574993
-310.08674,286,297.126658
-257.955663,370,297.776424
-392.530177,1000,299.480023
-475.600814,352,299.959988
-151.598166,304,300.511894
-447.5649,321,300.945977
-162.989829,323,301.533986
-47.73486,388,302.216454
-5.12589,332,302.665958
-58.493551,254,303.18411
-298.061968,1000,304.956235
-374.165834,250,305.313701
-435.795837,288,305.883187
-253.280782,314,306.45381
-64.856075,419,307.043093
-148.14145,192,307.441857
-339.249688,300,307.881491
-15.775009,404,308.595754
-13.983371,438,309.354499
-185.733831,316,309.952732
74.669843,340,310.411826
48.361874,337,311.030106
-70.193717,221,311.334158
-94.642591,398,312.082535
-137.054393,203,312.538151
-67.969018,350,313.053038
-186.105554,299,313.639224
-236.465935,300,314.094038
-165.674848,180,314.493415
-113.674497,254,314.835932
-128.701161,253,315.330192
-205.328378,168,315.564036
-91.903522,221,315.863931
-107.703881,188,316.431708
-127.334985,219,316.730217
4.272384,451,317.501667
-356.901251,281,318.038078
-350.137175,448,318.791447
-116.287805,212,319.078888
-82.939446,185,319.326906
-451.598752,281,319.861097
-157.210578,181,320.103957
-136.812274,306,320.663565
8.684626,338,321.389212
-485.405146,165,321.626997
-513.45783,280,322.018969
-139.075473,191,322.492193
-277.956186,316,322.942901
-50.040453,370,323.707511
-137.611057,326,324.29065
-111.151823,190,324.541528
159.477779,451,325.292732
-477.547024,192,325.553383
-517.847652,232,326.019895
-323.358153,307,326.437918
152.92425,515,327.262907
-117.746056,242,327.736401
-503.1451,353,328.368648
-384.898656,237,328.690763
-357.757373,281,329.21488
-492.323337,207,329.49813
-369.039219,249,329.844815
-388.798197,162,330.22496
-249.585423,207,330.508402
-374.147989,266,331.010499
-82.207612,263,331.360271
-102.302068,317,331.94155
-131.987976,186,332.190495
-135.061759,466,332.96288
-323.510469,350,333.573027
-397.486128,255,333.921079
75.195971,260,334.41593
95.219228,352,335.037893
-109.991495,214,335.329515
-506.271129,214,335.61454
-581.869407,226,336.065075
-364.224309,204,336.349101
-271.496906,375,337.020323
-142.931957,443,337.837738
-144.167745,187,338.081021
-125.556059,293,338.723467
-505.057244,174,338.971018
15.62901,574,340.012517
-495.96842,192,340.54999
-419.878485,304,340.964191
-79.705583,353,341.710576
-234.045214,345,342.473577
198.005798,445,343.080301
40.314926,268,343.62573
-491.054497,162,343.853588
-559.97311,218,344.335235
-279.580596,203,344.624963
-425.845342,213,344.91561
-310.640459,194,345.335528
-223.537798,421,346.046263
-312.941188,242,346.383467
-409.501397,317,346.958309
-410.699316,260,347.319226
-362.957192,221,347.83039
-500.435827,186,348.091613
-382.666071,211,348.378217
-448.158683,269,348.918083
160.950047,378,349.695237
-228.173543,285,350.097977
-425.511392,219,350.616604
-502.574304,212,350.907486
-459.111328,239,351.378705
-538.681608,158,351.596685
-417.129722,247,351.959155
-142.391802,188,352.503118
-582.704473,165,352.734981
-528.251215,235,353.383876
-149.056154,176,353.622669
-272.954703,463,354.542773
-536.901688,188,354.813767
-139.47512,191,355.315069
-471.645793,312,355.755203
-326.732888,344,356.37973
-83.692531,335,356.863363
-494.517124,195,357.281272
-452.205514,174,357.5286
-475.209454,252,358.102564
41.087559,360,358.600577
-182.771793,170,359.040407
-109.76658,227,359.365782
-533.694059,156,359.587417
-555.194843,272,360.268456
-132.78784,186,360.524597
-409.643851,245,361.055286
-288.295577,190,361.312447
-628.042392,244,361.833016
-295.271629,258,362.181489
-285.230037,203,362.755054
-500.594757,232,363.078899
-444.365296,182,363.259775
-498.231175,288,363.802901
-518.64457,215,364.021515
-301.353375,256,364.481664
-579.672746,259,364.719707
-386.335454,319,365.113252
-85.017449,190,365.275359
-127.190657,235,365.708985
-456.848409,217,365.909409
-101.053185,196,366.176276
-148.091629,216,366.368438
-458.130426,311,366.734368
-501.599328,252,366.946557
-529.986241,228,368.180857
-492.120562,205,368.354834
-173.405918,201,368.515599
-312.99631,215,368.897917
14.714372,389,369.415673
-571.594353,248,369.620169
-429.703089,174,369.762302
-538.144318,204,370.027314
-19.074942,315,370.282285
-346.732046,306,370.628349
-7.478821,215,370.803325
-42.126424,219,371.188549
-568.326213,221,371.368966
-467.826399,192,371.622681
-610.558529,166,371.759827
6.730299,217,371.935719
-82.538558,203,372.20904
-598.133798,195,372.368916
-381.254651,258,372.67239
-295.820687,261,372.884805
-408.293736,197,373.139998
-256.324691,362,373.434978
-40.826414,229,373.715321
-377.257152,268,373.934322
-90.363279,682,374.816756
109.493321,360,375.108549
-162.808133,145,375.451302
-104.150269,339,375.723285
144.146629,433,376.269965
-148.918971,138,376.379597
1.990097,352,376.886658
-562.859428,242,377.279085
-134.345562,143,377.394921
-204.227417,214,377.565979
-199.815591,164,377.923931
-202.571905,152,378.046427
-197.925304,158,378.173392
-162.154028,141,378.2873
-213.951891,162,378.509964
-169.753473,173,378.648015
-136.684978,187,378.796987
-462.106383,654,379.515001
-147.343501,188,379.666707
-226.535862,161,379.798706
-93.267053,219,380.070923
-158.503064,148,380.193622
-242.731786,158,380.321926
-212.89639,131,380.521143
-222.003779,164,380.654344
-181.566343,223,380.83539
-253.804404,163,381.059537
-207.213518,150,381.181925
-183.004187,150,381.305386
-208.823857,163,381.532287
-150.473376,284,381.762737
-225.945229,169,381.990066
-142.596003,304,382.235968
-195.6602,136,382.3443
-239.059184,263,382.647234
-192.02427,152,382.769762
-194.927678,187,383.014663
-175.747121,159,383.142011
-151.140571,241,383.338348
-169.388745,185,383.578617
-28.13692,707,384.363239
-492.889523,331,384.729506
-16.820904,379,385.035147
-222.792748,200,385.288274
-183.799963,166,385.420106
-159.765776,237,385.702775
-193.80471,169,385.838673
-215.408111,173,385.976976
-210.461369,178,386.21119
-516.409957,228,386.395866
-223.829384,162,386.525483
-175.95779,159,386.744428
-146.953045,196,386.900463
-93.893373,257,387.196925
-189.987416,153,387.319583
-213.850649,170,387.45549
-91.58517,204,387.711531
-386.710575,432,388.152058
-274.4719,175,388.290904
-246.908666,171,388.426272
-108.269328,225,388.700488
-186.275214,221,388.879019
-589.667045,206,389.045534
-223.755168,157,389.263847
-148.721443,181,389.408413
-203.262628,158,389.53408
-538.190559,518,390.044749
-68.598115,289,390.372477
-178.672351,182,390.517837
-124.15118,197,390.776483
-490.489437,269,390.991846
-355.175352,391,391.510623
-236.77137,159,391.637079
-742.025406,282,391.955324
-118.68766,314,392.299227
-145.82327,143,392.415019
-178.550611,197,392.569509
-55.52412,283,392.886221
-202.184168,182,393.030038
-165.456457,199,393.186854
-554.672112,268,393.494203
-108.210961,278,393.806764
-177.046213,131,393.910244
-158.375407,249,394.108523
-90.03361,212,394.371401
-567.434198,177,394.514903
-166.6387,150,394.635891
-62.690263,259,394.93403
-122.477639,257,395.139165
-93.870178,346,395.507659
-178.721413,164,395.638246
-152.684491,167,395.864113
68.748845,353,396.148121
-169.001775,152,396.362025
-165.352469,154,396.48544
-132.907405,138,396.595542
-174.685595,157,396.81338
-155.8071,146,396.931211
-152.667248,177,397.072361
-181.480116,179,397.306591
-4.895513,294,397.542787
-243.266306,119,397.637021
-147.505044,140,397.841466
8.923208,872,398.641145
184.522427,1000,399.626625
-634.699272,313,399.97086
-605.687933,144,400.08661
-97.648843,460,400.549158
-475.648946,397,400.959033
-134.890792,299,401.19629
-580.92204,166,401.422588
-105.677101,661,402.041833
-223.399392,162,402.170531
-491.91402,262,402.473952
-223.396368,158,402.601131
-98.481119,202,402.958169
-457.360726,229,403.144879
-134.85538,702,403.938649
-480.092839,254,404.371799
-562.756028,289,404.604182
-209.177537,134,404.939809
-538.804768,249,405.141196
-64.908624,210,405.523334
-38.894418,221,405.69783
-97.130039,216,405.870486
-540.690811,235,406.287093
-215.581089,295,406.521217
-231.604637,304,406.987339
-500.480009,171,407.125173
333.046724,780,407.933235
-148.592656,208,408.098546
-108.188624,191,408.465039
-129.185771,178,408.606425
51.665073,386,409.113065
-186.103798,144,409.228764
-122.757419,188,409.376823
-3.889325,298,409.841933
-213.398209,169,409.976494
-181.815023,280,410.40875
-586.135494,214,410.579471
-247.171254,164,410.910113
-222.113206,252,411.111908
94.507323,370,411.636568
-241.848451,174,411.774091
-142.391425,394,412.189889
-571.985264,156,412.316196
-189.234778,154,412.534791
185.786071,536,413.055659
-185.274114,131,413.160515
-500.908864,250,413.362286
-129.782827,187,413.602718
-171.178451,135,413.711518
-210.431797,333,414.069133
-222.356053,125,414.168541
-260.870666,158,414.294352
-160.942569,129,414.39746
-209.952174,140,414.602985
-248.193058,748,415.294018
-197.985094,129,415.397193
-129.899216,210,415.657102
-253.671509,132,415.76297
-205.465791,125,415.862903
-221.152262,142,416.06891
-165.025704,129,416.172793
-63.982963,329,416.527391
-251.591799,173,416.665228
-202.041457,141,416.776586
-214.952882,117,416.868917
-185.342383,133,417.068478
-243.198637,128,417.168992
-342.942693,420,417.594873
-251.044808,135,417.701714
-240.244601,129,417.804375
-80.954674,230,418.080216
-221.78501,128,418.184018
-245.791497,157,418.309627
-213.133833,137,418.420325
-300.66873,119,418.607447
-176.741188,144,418.72668
-258.899952,150,418.846443
-204.141869,199,419.097751
-201.419124,157,419.222692
-507.969386,325,419.579179
-249.608932,173,419.718644
-204.976927,162,419.850394
-500.106308,508,421.06648
-573.002795,335,421.5646
-157.705748,577,422.257829
-369.976418,799,423.356587
-635.482013,300,423.600377
99.306391,665,424.366944
-168.333589,266,424.80733
-502.669782,552,425.448189
-544.312326,402,425.999557
14.555716,389,426.53222
-447.554993,432,426.879374
-289.283394,535,427.637927
-287.147667,424,427.992227
-228.801374,156,428.316454
-274.908178,641,429.051877
-224.751369,167,429.186479
-548.426646,263,429.636312
-438.546716,394,430.152816
298.999275,528,430.811032
-238.095099,162,430.942456
-276.114809,307,431.188345
-480.525945,544,432.065008
-392.126337,427,432.417562
-511.905008,272,432.874109
180.951589,567,433.539858
-546.521208,374,434.069587
-550.24483,229,434.257734
-242.351542,133,434.365436
-159.947353,199,434.728951
-592.412226,270,434.949589
-302.977797,392,435.504872
-487.405909,378,436.047611
-198.583449,171,436.186519
-367.746069,532,436.84847
-380.767858,509,437.462996
-424.588832,251,437.881182
-517.334371,505,438.491568
-215.547543,264,438.704569
-402.533545,400,439.228729
-117.327345,435,439.781547
-576.989706,576,440.481605
-220.914935,165,440.61453
-260.185664,504,441.254637
-483.687894,252,441.659813
-224.693495,174,441.799868
-576.847168,256,442.218344
-317.996848,346,442.49411
-83.815508,274,442.922036
-248.463295,161,443.051945
-146.2525,284,443.503498
-189.201584,306,443.747858
-198.231308,129,444.071788
-373.490491,292,444.305226
-115.191648,318,444.761416
-223.026623,208,444.93038
-590.375047,256,445.342237
-256.915103,123,445.440711
-569.287432,217,445.615579
-260.18454,156,445.942535
-596.989143,153,446.064989
-537.114752,353,446.562009
-216.272246,168,446.697302
-370.126553,469,447.207042
-635.730563,189,447.362995
-214.627024,234,447.640706
-731.271502,211,447.809409
-235.192232,131,447.913678
-584.830052,219,448.181587
-207.894291,107,448.265825
-481.597835,457,448.724714
-761.740891,268,448.939086
-635.384041,148,449.149997
-464.25425,480,449.625411
-220.275647,193,449.781772
-551.551289,255,449.98452
-177.661725,313,450.328702
-286.944134,143,450.442493
-621.321816,231,450.719665
-641.821317,243,450.91275
-263.447034,298,451.243177
-597.986185,280,451.469023
-647.991692,205,451.72519
-236.803267,126,451.824885
-282.718015,152,451.946719
-581.986709,180,452.183622
-443.946499,302,452.425328
-537.988378,298,452.759038
-505.349149,237,452.946909
-161.179805,176,453.180929
-501.843758,360,453.469769
-615.736821,147,453.679615
-584.644009,210,453.848441
-155.965433,243,454.136497
-659.111473,314,454.388133
-428.439713,240,454.673857
-272.680787,151,454.797159
-541.187382,243,454.991126
-142.53176,247,455.292436
-637.322718,226,455.476388
-630.342604,213,455.740163
-180.247741,173,455.881078
-400.482478,248,456.173808
-535.596558,166,456.31005
-674.878295,160,456.438539
-535.93034,247,456.731014
-483.916798,159,456.858293
-740.689223,196,457.015781
-598.283052,233,457.291886
-104.334657,242,457.484526
-210.458838,175,457.731975
-711.307155,229,457.912462
-41.430963,216,458.176607
-492.652288,245,458.372541
-616.007034,227,458.554934
-569.335801,248,458.844831
-564.034468,292,459.173259
-622.682338,223,459.353326
-540.942091,223,459.533132
-605.199807,160,459.7691
-618.878049,134,459.878785
-196.528734,238,460.067962
-735.168917,279,460.385147
-155.358186,287,460.704919
-619.94146,181,460.853037
-231.259625,133,460.957
-570.605006,263,461.365519
-524.412126,253,461.566672
-457.541609,250,461.858961
-545.106791,154,461.982447
-520.468936,394,462.396585
-557.362741,167,462.530645
-565.661625,170,462.66755
-579.495008,160,462.887879
-470.710137,243,463.081316
-86.846977,326,463.436087
-529.757947,210,463.606939
-369.83216,237,463.888398
-554.446481,437,464.329809
-541.219297,143,464.447608
-569.805637,152,464.571704
-465.550936,223,464.968142
-633.732402,137,465.077981
-526.724872,131,465.18373
-427.515993,275,465.498918
-640.517158,177,465.639455
-600.69588,142,465.754154
-667.514845,263,466.056734
-573.802179,154,466.181552
-674.092505,195,466.33923
-610.722529,285,466.662414
-590.80814,244,466.859023
-689.514341,263,467.163157
-209.430488,132,467.267924
-163.282604,570,467.815339
-534.499319,141,468.021604
-244.240475,262,468.230564
-523.481718,169,468.366195
-319.665181,209,468.624304
-211.312267,158,468.750864
-646.106065,208,469.007755
-630.397473,129,469.112087
-429.583423,186,469.259152
-227.127768,121,469.354741
-184.090033,241,469.641118
-479.412812,304,469.886113
-313.692689,203,470.138422
-623.080086,380,470.534524
-613.474512,145,470.65139
-625.540366,181,470.795249
-555.558817,224,471.066234
-512.729379,157,471.190181
-590.904008,205,471.359521
-484.150635,130,471.557914
-233.590979,128,471.658653
-186.666057,129,471.760757
-197.444633,136,471.869069
-904.311227,282,472.186399
-404.874572,336,472.546665
-272.308358,465,473.135553
-384.148595,234,473.320657
-627.498766,153,473.444922
-121.634946,261,473.747497
-234.307462,137,473.854784
-559.220601,275,474.170084
-577.505927,170,474.305988
-481.674621,167,474.438354
-235.848526,193,474.686885
-544.473437,256,474.890485
-273.540955,117,474.982453
-540.721471,281,475.300339
-538.623726,156,475.424675
-210.088035,118,475.517847
-208.60073,111,475.699672
-589.08331,185,476.3879
-553.465456,139,476.499622
-426.143277,278,476.946479
-577.380737,186,477.094057
-633.058139,278,477.413636
-113.948401,294,477.648838
-112.965007,246,477.937853
-260.375943,133,478.043187
-210.974694,142,478.155096
-279.884036,213,478.417127
-248.782297,141,478.528351
-224.097619,123,478.62569
-453.658363,322,478.976817
-572.798117,160,479.105253
-546.340141,176,479.339177
-543.909192,179,479.481866
-491.737605,262,479.691945
-202.884364,170,479.91948
-217.072958,135,480.027277
-634.86003,181,480.170532
-139.626057,325,480.530086
-198.328855,110,480.618144
-206.133243,119,480.711473
-590.494755,218,480.983319
-200.640984,119,481.077218
-157.052924,107,481.162416
-189.556476,113,481.343325
-276.285862,129,481.444363
-194.207215,110,481.531196
-267.307143,180,481.673164
-238.911468,145,481.881087
-72.036392,219,482.055224
-223.11359,114,482.144636
-607.200421,157,482.36385
-223.734361,122,482.460979
-360.078576,143,482.57502
-543.576507,144,482.690191
-221.262189,136,482.892708
-219.787379,124,482.990387
-263.291257,140,483.101427
-252.264792,122,483.197947
-636.327909,335,483.557505
-203.562725,115,483.647671
-592.799054,196,483.897829
-598.237302,142,484.011551
-238.516805,121,484.107515
-246.169621,144,484.22194
-254.741185,135,484.510716
-177.596291,183,484.657085
-226.331405,114,484.748809
-205.911611,114,485.066369
-281.801563,279,485.290633
-215.304229,120,485.386025
-539.074772,151,485.601648
-228.838142,114,485.692241
-197.013989,117,485.785839
-257.766509,137,485.893937
-226.008659,118,486.080792
-222.001088,128,486.181805
-461.223912,212,486.35186
-45.717896,263,486.654667
-575.503607,149,486.773483
-569.482688,172,486.909569
-219.708817,140,487.113781
-576.199162,219,487.289525
-231.623548,144,487.403746
-210.070879,117,487.592101
-46.231966,259,487.7985
-195.231021,132,487.902529
-244.276097,119,488.090458
-557.183811,180,488.234789
-62.484816,256,488.44007
-211.289994,116,488.730324
-525.154922,241,488.923462
-594.155033,163,489.053307
-209.507369,221,489.321589
-196.043582,168,489.455181
-215.816086,142,489.568215
-197.201968,133,489.772337
-191.429215,115,489.86338
-399.271407,291,490.293063
-226.470757,127,490.395291
-146.038095,223,490.572762
-210.717098,116,490.665363
-214.462932,133,490.865955
-218.980002,114,490.956803
-144.839347,216,491.130025
-251.326071,117,491.315015
-161.074022,178,491.458502
-349.936946,443,491.908631
-200.357667,124,492.005773
-623.638669,155,492.128744
-537.431561,259,492.43207
-218.487427,134,492.538793
-355.301294,363,492.92266
-165.02511,163,493.051039
-593.361408,247,493.343141
-201.002557,152,493.463338
-643.564891,220,493.639052
-191.098655,119,493.930609
-196.356007,123,494.028123
-630.353018,308,494.277072
-10.329091,262,494.580297
-192.566054,119,494.675012
-188.367361,126,494.776542
-215.704735,135,494.979134
-614.220872,202,495.141826
-159.067022,386,495.545064
-327.960054,531,496.069633
-162.468822,133,496.176149
-192.99599,122,496.274139
-100.707845,306,496.613738
-190.975161,117,496.709167
-209.918837,116,496.802262
-210.784628,127,496.996773
-719.954905,261,497.206463
-269.606391,257,497.506375
-213.599565,148,497.623116
-588.789137,144,497.738944
-583.990382,225,498.088263
-603.828099,267,498.30408
-645.898745,168,498.531867
-670.20965,244,498.728208
-115.333246,262,499.029379
-668.193921,193,499.183372
-204.10696,118,499.276955
-429.7121,290,499.603031
-208.040921,116,499.696181
-723.999307,550,500.23312
-241.048298,130,500.335947
-554.785504,380,500.736168
-242.811758,147,500.853104
-645.108283,197,501.186148
-235.785433,127,501.287593
-79.996342,431,501.727043
-204.228881,125,501.826924
-213.892922,128,501.929121
-585.559914,244,502.214724
-514.774293,395,502.621562
-414.236756,442,502.979074
-643.834272,146,503.189825
-192.831352,114,503.2806
-211.614924,116,503.37473
-196.543272,155,503.498021
-235.255242,165,503.724189
-232.309193,149,503.843122
-217.104279,130,503.947909
-215.764265,119,504.134084
-663.959636,171,504.271289
-557.810327,223,504.449844
-637.735056,278,504.845311
-214.493298,140,504.957387
-190.834902,136,505.065287
-613.0447,422,505.498974
-659.8602,284,505.821801
-249.595179,127,505.928888
-200.890442,158,506.054827
-197.249461,129,506.248871
-201.417146,122,506.34681
-258.130249,135,506.457428
-206.277357,134,506.567591
-215.377899,113,506.881272
-216.267752,118,506.975104
-228.362907,126,507.07574
-216.043092,135,507.183035
-102.190293,260,507.4885
-216.703758,117,507.581876
-250.277299,121,507.67803
-121.41866,256,507.974675
-217.2609,138,508.084835
-222.692924,117,508.178238
-374.830438,463,508.64581
-257.473133,137,508.75486
-232.217187,122,508.945581
-259.775099,143,509.060177
-421.779774,343,509.428962
-245.441995,115,509.520313
-230.559172,120,509.616269
-272.555948,118,509.710589
-608.312156,204,509.969674
-567.914337,231,510.155478
-205.76814,122,510.252248
-668.465945,194,510.499113
-232.649537,135,510.60846
-260.027384,148,510.727763
-248.927268,126,510.921973
-486.029839,321,511.180897
-324.370957,226,511.58597
-648.135861,228,511.767474
-217.418716,124,511.865895
-533.742355,238,512.148518
-230.9443,122,512.245617
-208.560247,123,512.343161
-157.370658,441,512.789984
-260.293786,145,512.905584
-646.808938,298,513.238416
-185.922499,143,513.351522
-215.646316,124,513.44978
-650.700149,298,513.783683
-192.743757,293,514.245549
-255.467301,179,514.387385
-254.689282,129,514.49015
-185.903805,120,514.585999
-606.572607,223,514.99498
-608.26148,265,515.206665
-174.211383,211,515.46844
-253.43246,127,515.570177
-194.693808,144,515.685139
-235.822599,813,516.628885
-219.661061,116,516.720886
-261.097279,119,516.814225
-250.68412,173,517.043457
-211.988024,112,517.133338
-275.688807,138,517.243462
-644.228327,351,517.613966
-197.926844,115,517.705357
-223.819207,112,517.793902
-187.348814,118,517.981123
-576.504424,249,518.180441
-242.118187,138,518.292866
-535.715954,291,518.627666
-562.244252,161,518.754718
-587.19479,177,518.986948
-310.028952,178,519.128277
-252.070465,176,519.267615
-247.045244,131,519.463092
-196.527649,131,519.567507
-643.144377,170,519.702302
-643.406639,188,520.061739
-530.608629,229,520.250648
-217.503466,129,520.352981
-595.570429,279,520.793872
-683.660133,217,520.968362
-605.972166,230,521.243001
-217.488463,173,521.381286
-198.77349,219,521.554693
-253.641914,188,521.796236
-598.941186,373,522.094749
-275.884612,124,522.28551
-683.720054,183,522.431102
-570.403597,294,522.75708
-248.924677,145,522.87132
-679.890079,258,523.076062
-648.584632,204,523.329147
-637.617714,216,523.499415
-232.675456,131,523.692415
-352.852506,180,523.834449
-209.885607,152,523.953555
-651.418353,167,524.085904
-272.884378,150,524.299615
-749.517226,202,524.462691
-690.512727,228,524.739808
-774.085924,194,524.896964
-695.530414,238,525.086271
-662.65179,180,525.321858
-632.32591,230,525.505089
-235.810717,162,525.724733
-258.078881,126,525.825806
-733.800048,255,526.028893
-834.156497,289,526.354394
-230.592377,112,526.443997
-246.159824,121,526.540666
-714.611307,222,526.815516
-776.234417,215,526.987669
-326.467099,167,528.276412
-665.906783,171,528.414797
-829.679086,294,528.653596
-620.44326,217,528.924817
-668.048071,181,529.069946
-732.929065,176,529.304895
-727.376129,212,529.474223
-845.424762,251,529.674659
-765.971131,182,529.914096
-660.362929,163,530.045006
-789.307836,270,530.354051
-695.55356,239,530.54818
-717.006702,237,530.837798
-606.494775,219,531.012317
-669.873359,165,531.144969
-591.362749,175,531.37645
-700.728667,214,531.548868
-687.891329,213,531.813832
-668.087953,196,531.968722
-790.507054,349,532.340736
-774.66992,226,532.524396
-812.339881,254,532.820009
-725.702285,248,533.017257
-707.511672,178,533.159748
-625.251507,264,533.465261
-915.290778,269,533.68274
-648.252693,135,533.887091
-634.711633,238,534.078358
-774.725214,209,534.336902
-280.270405,134,534.442768
-752.524139,224,534.623179
-281.110679,136,534.732064
-338.349864,198,534.981503
-645.972454,152,535.102808
-709.247373,183,535.341149
-572.897305,278,535.562241
-576.764956,150,535.682768
-617.561574,208,535.943508
-829.269607,355,536.229306
-695.061106,226,536.61952
-637.139234,142,536.733986
-664.210007,231,537.011518
-549.101855,151,537.13348
-832.955694,451,537.587087
-719.829404,382,537.986508
-679.618027,209,538.154145
-668.727266,119,538.249163
-206.299658,167,538.472381
-616.352469,149,538.594297
-560.589121,168,538.727492
-637.478754,148,538.847295
-666.538209,271,539.156489
-234.673233,325,539.507268
-740.714199,195,539.664859
-272.218435,139,539.776012
-634.960047,221,540.047588
-816.476252,448,540.499635
-683.471788,143,540.615884
-627.363025,209,540.795284
-600.109592,308,541.138036
-706.528187,289,541.371656
-638.839022,291,541.696259
-606.73809,276,542.007053
-616.411681,203,542.171931
-754.742451,167,542.308405
-746.086899,188,542.553597
-669.947447,116,542.649354
-662.053515,172,542.787368
-646.462493,135,542.897035
-691.132501,143,543.265957
-712.048464,146,543.398942
-671.128485,340,543.948256
-770.964562,215,544.128532
-758.098495,177,544.276101
-617.32923,142,544.494121
-643.45301,323,544.757142
-797.30464,250,545.046148
-638.620858,124,545.146102
-673.210193,285,545.464923
-588.990791,243,545.6655
-656.416617,200,545.82672
-616.916153,463,546.292449
-672.22525,140,546.49845
-450.790539,209,546.668594
-720.000955,225,546.954457
-694.176327,181,547.103056
-755.964777,342,547.567086
-515.059922,206,547.749036
-717.076794,194,547.909985
-614.144767,320,548.258063
-579.418782,298,548.587042
-747.634429,293,548.835035
-614.224229,325,549.187257
-771.084634,335,549.460193
-319.429335,136,549.658143
-510.447451,385,549.981485
-759.707061,345,550.489733
-581.732237,213,550.666118
-150.777563,346,551.073021
-636.290828,144,551.192136
-626.239064,288,551.58519
-648.930339,138,551.698734
-524.195152,218,552.002045
-530.885501,316,552.286315
-563.416854,309,552.689015
-657.589968,281,553.07199
-728.917104,337,553.667652
-545.734187,259,554.152467
-657.022687,223,554.458059
-555.387162,149,554.650521
-644.104831,201,555.093811
-736.103506,189,555.353778
-633.769928,206,556.013037
-613.472868,156,556.241512
-248.494862,207,556.515563
-694.847083,181,557.066564
-629.747141,223,557.372514
-603.039192,204,557.649704
-656.405907,315,558.323688
-664.433773,244,558.894868
-672.820474,261,559.252815
-523.277647,146,559.464473
-615.51083,152,559.816692
-642.501986,274,560.189649
-650.083352,263,560.691822
-654.001661,186,560.943807
-661.348933,226,561.249883
-641.910036,162,561.61231
-641.908429,207,561.886053
-662.80861,272,562.393228
-763.214456,352,562.877286
-667.554092,197,563.288555
-802.696146,191,563.545944
-690.489326,624,564.53195
-743.004402,186,565.12481
-633.172628,129,565.312102
-692.414362,155,565.522595
-673.724861,148,565.8968
-641.310448,267,566.251435
-355.674161,175,566.502555
-706.293011,361,567.143779
-614.039126,159,567.357998
-552.980198,232,567.822002
-718.857676,359,568.450204
-649.598032,176,568.690737
-694.372714,399,569.390318
-122.306991,189,569.645715
-711.220079,197,570.044069
-542.522555,245,570.383628
-701.055343,227,570.698821
-564.728347,170,571.073957
-272.09358,146,571.271794
-566.366702,314,571.838596
-210.730532,395,572.375102
-241.827584,144,572.709561
-242.669053,140,572.900081
-471.452897,297,573.459348
-295.538862,142,573.654397
-285.083712,136,573.831185
-248.955254,129,574.003749
-546.404223,297,574.556343
-527.422727,218,574.853739
-584.941174,246,575.335977
-597.327772,310,575.774422
-387.084012,191,576.181069
-320.09697,420,576.889076
-683.115237,406,577.441856
-550.380387,246,577.920503
-235.796436,173,578.155061
-606.881167,286,578.697245
-216.18442,132,578.879986
-438.842985,476,579.991849
-180.940165,160,580.223015
-214.459962,143,580.715212
-259.652406,169,580.941451
-214.056696,146,581.146272
-205.36388,145,581.351609
-512.035729,344,582.178006
-155.151797,149,582.384751
-251.761592,134,582.874115
-354.196932,508,583.764643
-255.716637,252,584.119434
-405.217186,347,584.902228
-180.424407,180,585.145577
-256.991643,128,585.323717
-224.755174,161,585.807478
-570.790803,339,586.291387
-199.5779,481,587.086168
-539.220931,276,587.629527
-228.066219,140,587.81931
-213.603418,171,588.195815
-280.178256,159,588.414878
-535.466182,256,588.77768
-215.75362,335,589.382418
-469.106523,255,589.889238
-514.05536,309,590.324625
-227.868613,137,590.518424
-462.629526,358,591.165545
-514.423587,370,591.838094
-529.879316,173,592.082822
49.617682,979,593.755478
-541.93458,350,594.386658
-203.92886,141,594.614288
-477.914202,547,595.602891
-207.563566,192,595.873273
-588.206011,404,596.59824
-383.690881,420,597.498904
-605.69357,222,597.823139
-246.176389,144,598.231029
-223.083103,136,598.426461
-80.658806,262,600.649673
-467.299469,153,600.86701
-103.910072,486,601.690475
-513.673755,512,602.54469
-557.058537,207,602.823988
-577.544349,224,603.289599
-645.644816,263,603.654667
-241.499275,177,603.891694
-237.700311,143,604.234218
-613.644333,201,604.507932
-173.547879,388,605.223849
-223.254612,136,605.397717
-592.161363,213,605.843122
-196.273353,155,606.052891
-211.933576,140,606.245683
-225.720511,144,606.438705
-178.838414,143,606.787114
-190.845419,212,607.065732
-203.167643,420,607.845654
-267.90058,192,608.104335
-208.088505,155,608.50366
-642.569227,293,608.940559
-225.895681,174,609.313555
-150.317759,379,609.840777
-410.091287,613,611.007771
-545.612161,237,611.338621
-69.782143,310,611.898597
-543.260808,392,612.431402
-641.001007,469,613.219791
-594.384781,299,613.806178
-150.406589,211,614.096242
-535.793945,227,614.714898
-243.826934,210,615.00136
157.620076,566,615.910719
-462.25764,322,616.519333
-594.667685,250,616.861241
-510.135422,302,617.428546
-408.685939,263,617.791744
-542.566121,240,618.279089
-476.195733,271,618.67997
-501.742616,578,619.879539
-138.309177,425,620.507794
-432.489009,250,620.985574
-68.884196,204,621.260848
-238.967117,183,621.67478
-258.266994,293,622.072412
-570.841884,241,622.610019
-443.066181,394,623.183663
-489.817642,296,623.886669
-500.40989,216,624.182546
-638.378229,203,624.727607
-154.240399,406,625.428074
-86.406049,229,625.745549
-563.490367,532,626.604786
-272.059222,172,626.833335
-547.543815,208,627.263433
-468.275401,197,627.543603
-323.943357,222,628.004031
-526.037412,390,628.525485
-109.667957,406,629.210388
-276.338725,143,629.557089
-588.660412,280,629.954649
-360.111611,210,630.232134
-234.311453,160,630.587973
-292.068741,131,630.763642
-673.850737,247,631.243012
-260.754029,296,631.647308
-568.936862,275,632.156994
-321.336507,272,632.5309
-187.503513,149,632.737802
-421.5715,359,633.359612
-193.783917,366,633.998295
-130.359002,206,634.278785
-29.590245,192,634.690567
-273.958789,333,635.166983
-486.743376,364,635.823901
-131.500718,190,636.083698
-485.238685,352,636.696086
-95.975375,280,637.241621
-594.71656,221,637.550975
-651.213055,293,638.101787
-524.402425,478,638.922145
-512.528264,316,639.371958
-228.887072,150,639.585362
-112.377257,160,639.962852
-246.151992,182,640.214024
-175.84183,187,640.618329
-542.437931,354,641.109
331.787154,711,642.470259
-221.179656,393,643.008391
-506.394135,334,643.612122
-514.64583,236,643.942121
-316.911743,317,644.528214
-610.353652,180,644.780888
-215.777404,181,645.16321
-400.443131,338,645.620206
178.980722,388,646.271489
-222.383177,191,646.661775
-186.125602,162,646.88216
-510.934618,264,647.244097
-662.900935,220,647.689822
-567.379056,162,647.91106
-505.624974,228,648.359163
-202.110723,178,648.596486
-57.140067,231,648.905839
-371.334006,321,649.509409
-280.333614,280,650.115361
-406.784369,310,650.552781
-496.750617,319,651.204527
-266.008173,322,651.634567
-362.271833,401,652.469325
-395.168192,331,653.133719
-570.180017,265,653.494623
-493.169595,276,654.168084
-60.688306,246,654.491897
-560.589611,234,654.973034
-316.482354,156,655.181358
61.26224,357,655.809299
-467.742989,159,656.025059
-511.101721,168,656.256335
220.96177,374,656.937089
-32.811304,232,657.440559
-423.68555,353,657.913975
-530.411654,138,658.24549
-175.429279,387,658.775539
-165.090332,159,659.144034
-187.492875,186,659.39489
-98.379781,153,659.598769
-417.656297,312,660.18905
-150.095848,219,660.484397
47.250341,254,660.97826
-188.779856,138,661.160037
-533.536729,313,661.733088
-388.382049,406,662.432254
-149.414461,165,662.653676
-495.114539,132,662.838857
-356.834956,261,663.358701
-504.019884,136,663.549827
-114.329462,193,663.806175
-450.136553,147,664.187566
-477.960499,144,664.386341
-586.852389,532,665.258354
-493.034655,143,665.4576
-430.406888,221,665.905919
-219.412487,525,666.769134
-527.418433,189,667.030696
-90.895545,207,667.312058
-175.154995,171,667.686126
55.794859,397,668.372345
25.51713,316,668.807132
-231.500027,372,669.464187
-624.457171,217,669.764182
-180.662268,213,670.197016
-588.769267,223,670.497222
-601.623017,234,670.9644
22.551558,218,671.257871
-43.309534,220,671.57289
-432.414726,521,672.408699
-144.677854,188,672.838097
-189.761431,163,673.052819
-225.079945,147,673.244144
-475.307539,236,673.718767
-190.738911,161,673.929031
74.53565,267,674.528148
-48.177886,182,674.775547
-296.221365,356,675.525048
118.07081,401,676.455564
-76.639505,304,676.870799
-554.292099,306,677.529332
-271.024353,167,677.759822
-139.391009,330,678.449024
-194.319177,195,678.724855
-16.192388,417,679.470897
-437.566082,296,680.03267
37.086803,276,680.443863
-379.148652,383,681.130264
-319.838565,243,681.492803
-300.200285,241,681.962477
-167.44443,174,682.205194
-152.839328,148,682.411083
-18.836348,346,683.026146
-77.201576,270,683.536612
-203.963355,148,683.744838
-399.636308,242,684.079917
-481.354074,258,684.573914
-351.099137,225,684.903249
-91.838054,228,686.661497
-210.590326,305,687.090404
-459.705327,265,687.610151
-580.584147,162,687.840212
-543.835205,174,688.227639
-112.284911,264,688.606705
-210.604309,157,688.829518
-230.362436,450,689.612392
4.906567,521,690.503493
-28.568494,256,691.008395
103.873699,445,691.794605
-557.175181,167,692.033391
-62.0085,263,692.401553
-310.414843,286,692.983221
-142.071101,345,693.77903
-635.934076,218,694.082681
-371.014346,235,694.549932
-204.149546,129,694.727171
-510.903954,365,695.376056
-27.94364,286,695.767566
-225.720803,128,695.943712
-93.744397,181,696.453271
-211.493273,126,696.603736
-285.311329,127,696.74861
-526.905857,300,697.210792
-530.286453,677,697.945858
-196.688676,171,698.087804
-204.115374,119,698.294209
-238.841123,241,698.491765
-187.612903,151,698.615473
-185.789126,154,698.834741
13.213494,259,699.045066
-530.417203,261,699.349544
-133.135442,151,699.474226
-172.060585,170,699.617603
-156.170734,157,699.851363
-201.125277,293,700.097663
-601.516303,219,700.381606
-606.010043,222,700.583647
-186.946771,148,700.717695
-199.618389,165,700.977834
-175.259067,183,701.151483
-55.843938,546,701.715427
-58.55815,242,702.009915
-168.375691,145,702.130362
-151.094734,140,702.25157
-160.596986,186,702.506886
-183.580522,164,702.644629
-205.326827,136,702.762409
-178.894311,167,702.899645
-323.140212,178,703.13671
-571.610459,204,703.301999
-627.014198,312,703.654975
-101.730212,349,703.957647
-182.004218,131,704.15551
-225.675857,164,704.296925
-530.795418,266,704.801537
-570.864863,216,704.979318
-274.720321,238,705.177797
-581.550977,224,705.484663
-188.894621,160,705.636395
-161.000459,218,705.910086
-222.686897,127,706.016304
-576.173998,215,706.197623
-622.139441,247,706.557815
-168.312872,121,706.665874
-260.810306,173,706.812924
-538.718341,359,707.210782
-265.102041,245,707.527152
-483.141972,309,707.840859
-188.142388,254,708.550902
-565.098377,220,708.85845
-502.165679,250,709.497604
-463.866387,367,710.013453
-611.440483,216,710.498302
-158.61989,348,710.977993
-546.574838,234,711.448085
-599.923861,258,711.805997
-442.573805,243,712.270432
-143.814367,184,712.519995
-139.720206,207,712.94723
-484.382636,448,713.578251
-189.761247,145,713.911945
-173.86584,145,714.149202
-144.838431,233,714.474924
-199.480503,135,714.818924
-155.153127,143,715.006521
-120.459939,372,715.661157
-144.589294,158,715.878639
-596.217134,220,716.185372
-231.781163,313,716.758624
-136.465449,189,717.014456
-173.562414,170,717.389765
-486.490829,353,717.875573
-281.877458,460,718.646686
-166.198386,143,718.98548
-375.896495,335,719.45021
-195.452302,139,719.79443
-93.362361,158,720.006579
-365.120934,291,720.408186
122.99162,341,721.024286
-69.050606,257,721.543655
-204.776885,135,721.732956
-92.083806,258,722.092754
-545.480147,236,722.603037
-143.603304,192,722.863273
-159.435953,139,723.196028
-529.797439,373,723.71505
-639.371187,204,724.14551
-383.719954,252,724.488483
-127.848742,204,724.903208
-178.467454,175,725.155145
87.921923,483,726.017877
-241.894587,172,726.248645
-182.493447,151,726.451325
-210.339914,142,726.794782
-272.971393,396,727.329158
-210.081591,284,727.87342
-187.37903,163,728.131844
-283.841624,515,728.798484
-155.126406,138,729.033724
-188.155624,141,729.178707
-11.272478,370,729.694719
-191.402622,203,729.949662
-542.059182,225,730.204412
-642.909584,237,730.558552
-202.134801,140,730.692401
-519.068892,241,731.090956
-551.677279,196,731.273534
-179.491167,218,731.473533
-418.275107,334,731.897409
-656.503724,228,732.322967
-165.578771,258,732.552139
-286.242951,153,732.687935
-669.494323,217,733.122535
9.203942,468,733.726407
-209.68726,183,733.88505
-499.028885,257,734.339541
-532.664809,364,734.639252
-1.402756,417,735.191904
-629.368669,221,735.598488
-565.258601,257,735.808239
-392.688613,498,736.438483
-643.999207,221,736.619851
-558.440665,207,736.98427
-624.140124,177,737.128782
-64.831357,201,737.382031
-532.746804,161,737.512915
-170.138763,177,737.654654
-110.599194,229,737.930744
-588.391544,174,738.071173
-13.063929,345,738.441747
-582.863374,201,738.605145
-57.001005,199,738.765247
-629.076617,204,739.024461
-268.420841,170,739.16032
17.109564,312,739.607453
-341.851983,402,740.025531
-456.264386,303,740.272193
-127.196776,460,740.864303
-517.189981,448,741.459981
-601.33976,520,742.113949
-565.578086,186,742.265728
-535.387028,135,742.602049
-508.730176,438,742.955365
-215.326972,114,743.14118
-158.08847,243,743.335523
-548.362481,137,743.447323
-494.000087,431,743.891395
-618.246154,200,744.144976
-468.925107,221,744.324188
-632.570252,248,744.618033
-146.120589,193,744.773817
-553.198048,250,744.974918
-592.377074,171,745.204057
-555.810763,390,745.613625
-330.45913,249,745.816527
-367.032042,380,746.334226
-522.183936,298,746.58023
-198.222494,118,746.766407
-383.998422,143,746.882515
-625.228683,199,747.044266
-656.569087,173,747.274765
-510.027075,217,747.461366
-533.652878,148,747.581023
-535.76398,173,747.815922
-59.434809,212,747.991106
-465.873034,440,748.436833
-585.885392,164,748.574198
-121.87574,172,748.80522
-550.94499,169,748.941598
-559.906294,254,749.147467
-509.078397,144,749.358311
-166.81823,210,749.525527
-628.717437,139,749.638573
-538.530707,174,749.872193
-666.398185,229,750.05567
-443.234073,238,750.340403
-580.796794,163,750.470078
-404.916932,235,750.660098
-540.52041,140,750.866843
-195.212852,170,751.001325
-260.930368,245,751.196685
-564.592543,147,751.406043
-623.73158,237,751.596079
-569.12993,157,751.81518
-547.606379,140,751.928749
-586.234196,255,752.134024
-571.137473,160,752.355489
-517.859022,154,752.478629
-576.911869,147,752.596198
-559.095235,176,753.4292
-474.140825,384,753.738227
-116.719925,317,754.083866
-426.646156,304,754.419147
-617.096257,152,754.541348
-581.529991,135,754.652555
-558.913951,229,754.933613
-493.632358,162,755.06478
-136.899369,324,755.322713
-521.49877,194,755.57292
-663.548973,209,755.742867
-650.295503,197,755.994783
-122.975074,179,756.137298
-540.337629,161,756.266324
-645.521263,311,756.609458
-154.569233,369,756.999931
-575.504679,177,757.14189
-590.520479,184,757.29141
-419.310152,371,757.684678
-585.688404,166,757.819863
-457.433809,270,758.132987
-194.873569,145,758.249464
-653.864792,223,758.524784
-377.885574,214,758.699168
-574.194928,148,758.819709
-653.736941,214,759.087177
-578.292316,177,759.229469
-575.600627,137,759.340637
-558.642853,166,759.566682
-654.728831,202,759.730238
-624.513947,166,759.867533
-637.316259,233,760.148274
-612.36443,160,760.27966
-505.487504,243,760.672847
-580.409271,223,760.853271
-547.377051,291,761.265798
-623.737986,183,761.413292
-607.238727,219,761.590449
-526.985055,309,761.934742
-606.3224,287,762.259025
-303.689419,280,762.485836
-161.84327,177,762.719422
-100.910697,197,762.878321
-569.495785,153,763.002639
-12.030103,203,763.260112
-475.496184,297,763.499171
-104.101853,198,763.752783
-617.410291,147,763.871376
-163.463093,156,763.995346
-623.987962,143,764.111095
-205.132593,208,764.460959
-199.517732,180,764.604893
-578.222149,151,764.726283
-97.478112,194,764.975131
-185.683292,191,765.127042
-16.603719,231,765.404676
-337.991639,379,765.713705
-576.432397,173,765.947057
-467.814492,310,766.1981
-96.63707,228,766.606499
-250.887283,151,766.726939
-265.77289,257,767.022635
-572.581964,149,767.144056
-91.408795,211,767.316356
-141.995692,148,767.536377
-528.042946,162,767.668323
-84.936633,221,767.846972
-202.76154,370,768.240514
-614.058309,149,768.361198
-200.703416,239,768.64725
-478.892021,224,768.830018
-55.517229,373,769.221919
-51.054584,245,769.417045
-137.420502,201,769.671116
-215.434984,156,769.797255
-476.067082,247,770.09057
-166.209763,136,770.200274
-473.999964,241,770.396629
-177.383533,155,770.615841
-174.35201,148,770.735812
-191.085079,310,771.079616
-197.588752,128,771.182387
-226.061282,154,771.306211
-158.643295,147,771.424438
-512.203653,239,771.708028
-179.554266,146,771.82604
-153.572234,148,771.944307
-215.493972,128,772.138705
-149.835357,181,772.282326
-129.007907,146,772.398876
-79.487825,240,772.683591
-370.941534,325,772.945148
-194.525246,149,773.158943
-188.584991,153,773.282796
-241.918294,160,773.41086
-424.091947,465,773.877963
-125.283211,211,774.139508
-202.112667,162,774.268878
-77.77447,212,774.43894
-110.165423,258,774.737442
-530.288332,284,774.970001
-237.581038,145,775.267585
-672.730919,210,775.436088
-180.306248,155,775.559829
-594.746691,211,775.822793
-242.687734,164,775.953748
-191.062804,252,776.246217
-145.326341,213,776.416782
-489.644559,478,776.892333
-185.387896,153,777.01376
-112.231815,258,777.440893
-57.602857,231,777.623654
-121.174646,190,778.000124
-240.469502,150,778.120044
-98.168137,198,778.278059
-131.860452,160,778.607489
-139.090825,160,778.736426
-618.456244,198,778.895665
-413.219196,245,779.320152
-210.6146,178,779.460693
-140.204568,178,779.801954
-78.259969,261,780.010682
-256.492476,183,780.156852
-671.008437,398,780.654618
-203.625513,165,780.786123
-170.017235,171,781.129019
-537.262071,149,781.250984
-343.915716,201,781.61085
-96.082031,388,781.921712
-127.937407,254,782.346701
-119.087677,148,782.464557
-513.177738,277,782.916459
-144.196348,203,783.080087
-211.871021,159,783.207365
-218.591004,167,783.564932
-134.50283,228,783.748074
-130.286438,148,783.867068
-205.384901,173,784.203422
-575.533644,354,784.488333
-102.902619,386,785.024005
-170.651866,157,785.14899
-222.514668,156,785.474373
-93.277025,200,785.63429
-170.261792,152,785.755498
128.02584,719,786.759119
-212.387146,234,786.944753
-150.523867,149,787.291412
-613.9423,300,787.536652
-126.904825,206,787.926792
-92.922194,405,788.249971
-189.70733,193,788.601609
-312.038466,420,789.031771
-135.966188,176,789.171195
-156.002708,169,789.304316
-187.146104,198,789.557213
-96.836941,324,789.814771
-168.170663,213,790.077523
-489.105653,276,790.299112
-169.970389,776,791.106474
-106.292178,176,791.246669
-15.268772,622,791.837242
31.780835,276,792.150239
-235.844786,457,792.612162
-150.341204,151,792.732176
-234.670055,137,792.840443
-43.809944,273,793.147897
-223.709695,134,793.254765
-607.581521,216,793.519239
-515.703391,145,793.637644
-161.88528,303,793.88176
-164.755222,157,794.09918
-398.908246,284,794.32926
-72.974535,205,794.587903
-545.137784,303,794.866546
-349.144307,776,795.684634
-440.310758,239,795.875853
-530.596746,286,796.198188
-286.533043,285,796.426492
-541.7484,236,796.7064
-164.728941,184,796.851117
-28.058594,601,797.422737
-334.554635,520,797.931338
-377.406074,294,798.258816
-515.789075,251,798.458703
-460.151669,212,798.72201
-226.24738,341,798.992482
-96.016534,225,799.263387
-390.012578,238,799.453172
-579.843938,251,799.74515
-526.266895,305,799.995366
-443.922029,443,800.441565
-664.459156,237,800.724283
-562.320666,197,800.88336
-131.999113,429,801.319335
-448.704623,255,801.613721
-609.916673,224,801.793278
-599.284743,174,801.931918
-396.040449,405,802.344876
-98.993043,288,802.783143
-663.358691,337,803.056314
-448.635561,182,803.294561
-258.438488,550,803.825301
-80.030755,244,804.018289
-129.5192,266,804.320988
-463.559096,303,804.563796
-608.906856,171,804.793024
-182.52691,212,804.963544
-63.266845,299,805.369083
-25.781445,716,806.674579
-27.297428,613,807.261186
-272.005385,164,807.483475
-266.684198,241,807.675702
-242.904242,492,808.163611
-176.998468,460,808.622958
-480.507623,289,808.85486
-131.795262,313,809.200035
-490.578374,288,809.524822
-261.583305,559,810.073215
-375.224834,331,810.337764
-381.285038,291,810.66763
-434.321937,305,811.004944
-664.189836,255,811.209097
-100.128473,634,811.808787
-114.471429,240,812.094724
-667.703429,313,812.343729
54.806411,797,813.170019
-596.396862,181,813.314949
-436.947541,680,814.042024
-150.696943,465,814.50538
-335.340065,310,814.757937
-212.601302,263,815.058358
-382.317792,278,815.282242
-345.290809,740,816.056331
-151.512984,301,816.294008
-518.405339,325,816.646277
-147.076357,602,817.216553
-566.155403,143,817.330704
-529.947517,140,817.535703
-37.141936,745,818.223662
70.625466,908,819.136554
-518.290702,391,819.540833
-144.740231,899,820.354063
-93.506543,315,820.730871
-115.331835,230,820.914991
-174.813055,247,821.338768
-31.4232,462,821.803426
280.030668,628,822.401661
-607.897356,168,822.536916
302.387242,1000,823.525884
-453.816017,409,823.94724
83.983997,547,824.480747
-40.857039,801,825.310565
139.317181,613,825.897671
-368.902209,348,826.271796
-291.751517,715,827.045517
-166.95872,500,827.539221
-138.472841,579,828.099175
69.072293,758,828.895245
-53.978,411,829.226768
-14.814713,390,829.632489
-350.365558,277,830.049238
107.048424,847,830.974424
-474.855476,656,831.813885
-515.282056,364,832.111445
-657.145275,248,832.541782
-624.847813,264,832.759956
-339.700044,477,833.341149
-639.29818,255,833.773255
-3.644079,598,834.489486
-131.46983,314,834.939943
-91.75879,317,835.198716
-104.747159,367,835.724173
-597.818046,207,835.895166
-266.57291,299,836.236415
-53.697206,413,836.756711
-512.492663,768,837.601368
-643.951393,209,838.014678
-281.863279,450,838.38205
-219.633545,346,838.889562
-208.601776,744,839.678636
-115.345746,293,839.915791
-233.66797,299,840.270228
-154.586976,506,840.885941
-228.809174,212,841.060867
-212.131357,398,841.519709
-382.434158,523,842.199718
-362.108672,1000,843.251181
-253.773917,318,843.602449
-205.820365,231,843.80524
-618.713804,909,844.792183
-538.054374,897,845.673213
-357.063482,970,846.816545
-94.503348,536,847.700291
30.996858,1000,849.352559
-666.767372,237,849.843336
-567.019866,196,850.112581
-622.883955,620,851.179345
-198.470037,364,851.820663
-51.00719,521,852.684568
-455.315782,709,853.976452
-96.021734,479,854.633243
-455.480514,633,856.164892
-191.13084,549,857.080849
-571.518071,777,858.336335
-449.445534,367,859.011819
-391.416473,473,859.748153
-682.466434,284,860.181353
-364.004976,501,860.673932
-525.698736,382,861.262799
-534.701787,413,861.78126
-175.799748,359,862.204967
-474.061699,852,863.007503
-508.624827,299,863.365557
-140.120447,703,864.042884
-196.803983,580,866.897856
-599.187772,242,867.101459
-462.396451,249,867.30846
-289.646499,574,868.10911
24.464035,1000,869.422508
-664.149241,207,869.597017
-469.606553,332,870.071093
-580.617178,367,870.379322
-513.931377,313,870.746753
-571.784162,296,870.997097
-649.739412,226,871.405614
-624.54192,263,871.625551
42.902842,1000,872.939838
-673.590374,210,873.353775
-557.828797,372,873.899344
-594.256117,267,874.12064
-589.936003,220,874.302081
-583.158103,344,874.813778
-408.286637,651,875.598822
40.656143,1000,876.658662
-568.465522,244,876.954276
-632.450433,681,877.616966
-479.41068,474,878.102712
-659.95556,197,878.362499
-575.296062,437,878.732175
-545.542731,460,879.218068
-623.585487,279,879.554773
-528.313939,254,879.767342
-631.47456,323,880.134374
-682.775978,216,880.314881
-607.959176,237,880.604804
-473.319285,452,881.064569
-445.906221,253,881.274196
-513.808828,765,882.082445
-177.522384,321,882.343232
-585.038875,184,882.588156
-643.918111,242,882.790481
-671.393907,329,883.148763
-165.386155,475,883.626893
-220.091132,237,883.826773
-613.741721,356,884.213914
-632.080354,364,884.602293
-492.324914,282,884.840534
-727.198447,365,885.23942
-618.474205,317,885.505116
-676.821577,234,885.78995
-675.800453,242,885.9915
-584.159774,567,886.648294
-434.237263,437,887.03033
-167.866075,258,887.33785
-579.051952,296,887.588036
-283.417819,388,888.009555
-489.044456,476,888.496369
-111.71688,662,889.247763
-463.587455,552,889.847011
-88.893307,409,890.312435
-600.607713,261,890.645174
-534.598599,338,890.953064
-202.864329,1000,892.025249
-281.578476,493,892.554438
-356.92099,358,892.963303
-689.207662,614,893.596979
-738.00845,195,893.865149
-455.176439,651,894.668187
-486.866665,633,895.412964
-541.095259,293,895.883327
-545.494841,744,896.629244
-514.787422,796,897.514458
72.230546,1000,898.799491
-612.89827,246,899.01782
-607.51956,299,899.381216
-681.95845,161,899.526013
-604.883661,201,899.70384
-658.722865,161,899.941922
-622.550247,151,900.07483
-396.945403,734,901.061788
-676.226308,168,901.24516
-676.85949,156,901.394025
276.190001,1000,902.538345
-522.818641,450,903.163271
-375.289681,827,904.150774
-600.139006,174,904.311203
-660.8981,175,904.470752
-393.535382,493,905.165835
-533.545386,177,905.421577
-498.605425,200,905.605806
-239.160107,278,905.958379
-579.754503,175,906.11926
-507.525979,196,906.300823
-569.963036,182,906.567144
-361.664522,866,907.599239
-633.742633,180,907.865672
-76.984151,1000,908.979886
-555.599255,203,909.162886
-95.953408,1000,910.423913
-641.869579,249,910.649289
-612.357062,185,910.918598
-594.199236,180,911.080213
-614.747202,171,911.235216
-538.489301,314,911.616443
-169.058564,637,912.279113
-431.687656,742,913.133953
-61.774145,1000,914.219305
-648.417349,176,914.37509
12.64714,1000,915.462858
-261.898818,555,916.057635
-564.839269,327,916.444222
-863.974271,645,917.110708
-918.66189,652,917.918209
-353.733757,935,919.081108
72.47354,1000,920.165486
-304.155566,792,921.07953
-585.830179,201,921.266732
-631.305313,351,921.736703
-665.487957,825,922.617568
-200.178957,509,927.500882
-343.956398,654,928.286398
-460.482416,416,928.659257
-168.082974,251,928.980575
-252.742288,403,929.435152
-260.812208,515,930.126537
-55.023386,473,930.751967
-236.840752,808,931.704644
-319.150128,364,932.234765
-301.707341,383,932.785475
-472.272068,1000,934.105437
-669.78874,934,935.029782
-405.827255,1000,936.126055
-275.849155,1000,937.364567
-158.547667,1000,938.538969
-186.501944,1000,939.703003
-660.983687,706,940.560447
-221.766083,170,940.719973
-373.77446,506,941.322682
-330.778035,1000,942.445855
-270.815436,274,942.701769
-382.912,407,943.205997
-1235.26951,829,944.371148
-435.665009,1000,945.742261
-478.007847,1000,946.981399
-469.946027,386,947.328092
-698.227043,1000,948.587738
-456.014322,532,949.305783
-713.06228,564,950.233014
-243.473907,212,950.440379
-401.122467,379,951.081762
-290.905982,195,951.255982
-663.237354,1000,952.386346
-798.901384,553,952.991392
-630.85007,291,953.368015
-712.201812,491,953.991848
-571.106194,1000,955.129377
-650.393193,1000,956.252374
-856.157961,806,957.081985
-437.028549,1000,958.288762
-587.787134,842,959.255296
-343.288795,364,959.575073
-429.541441,439,960.068188
-773.018318,949,961.110687
-576.188759,342,961.566793
-386.467925,324,961.855175
-236.331537,384,962.304987
-618.752278,314,962.738837
-590.366395,563,963.350107
-370.020414,373,963.790331
-642.916798,265,964.033307
-797.127057,485,964.568527
-700.408942,337,964.970351
-762.78795,326,965.263369
-652.171276,267,965.597023
-204.201302,243,965.815951
-821.385246,542,966.39142
-662.49921,177,966.644364
-950.072394,661,967.362963
-559.117577,333,967.766415
-583.333826,622,968.418486
-602.963364,279,968.763787
-388.606194,355,969.078105
-771.611694,372,969.518802
-665.478887,325,969.991105
-395.403005,571,970.731137
-619.83438,906,971.638789
-579.789757,282,971.995398
-614.869837,580,972.608749
-921.212592,399,973.069011
-621.313277,462,973.57469
-1099.128328,846,974.429764
-334.137398,356,974.845328
-717.183933,285,975.208005
-354.961699,1000,976.32102
-689.832313,306,976.599299
-666.067069,245,977.334288
-638.176268,413,977.84296
-465.397053,445,978.272818
-518.574753,266,978.756227
-825.056679,659,979.47857
-537.231156,468,980.021605
-618.070987,180,980.289608
-761.031906,305,980.569612
-506.598004,752,981.44516
-606.409875,674,982.150061
-709.825958,342,982.545508
-577.516028,407,982.908899
-708.367621,314,983.28866
-807.101552,869,984.261551
-873.394391,304,984.536625
-730.000779,615,985.212768
-548.898826,398,986.870759
-688.682056,323,987.466032
-756.539922,198,987.644853
-787.693335,309,988.141549
-581.528253,704,988.97359
-618.134434,248,989.399035
-818.02892,712,990.126101
-652.680578,455,990.637435
-443.924995,478,991.168858
-465.066119,544,991.750555
-348.522915,656,992.437162
-200.465508,210,992.716548
-248.822866,182,992.881612
-646.151485,238,993.3096
-547.723228,693,994.178618
-657.616507,333,994.757769
-702.071853,252,994.995757
-648.388026,312,995.51348
-660.884332,206,995.696611
-638.305817,330,996.251112
-701.908445,392,996.609717
-691.837736,254,997.053257
-603.333212,489,997.715058
-736.94083,247,997.959223
-671.74388,356,998.549703
-233.969494,292,999.16788
-606.013811,245,999.391118
-256.462745,214,999.771467
-475.806533,409,1000.144435
-586.899803,289,1000.495052
-773.986787,229,1000.701447
-466.409085,577,1001.316076
-649.542257,264,1001.644358
-798.425144,307,1002.201312
-697.506919,314,1002.484103
-502.680502,448,1003.030782
-215.352181,426,1003.543368
-706.069519,269,1003.794506
-879.556247,742,1004.711671
-797.246201,312,1004.996964
-825.203843,902,1006.061314
-742.293328,275,1006.440069
-657.677597,309,1006.733003
-319.341173,393,1007.204153
-284.543595,634,1007.911863
-813.066584,302,1008.331074
-718.42248,477,1008.95589
-640.132329,283,1009.193353
-657.830623,323,1009.631005
-299.775833,178,1009.778977
-788.707221,570,1010.715404
-695.248161,437,1011.082086
-567.949139,272,1011.548901
-630.625254,252,1011.754236
-260.634718,343,1012.251543
-510.607558,755,1013.321136
-314.796366,181,1013.465704
-816.276512,815,1014.460972
-701.780985,315,1014.725828
-893.003661,518,1015.340482
-779.068977,1000,1016.360446
-476.092911,723,1017.410898
-618.134672,955,1018.402093
-601.150347,562,1019.060616
-510.147676,556,1019.916135
-343.448061,308,1020.166073
-403.890063,457,1020.626221
-638.381264,355,1021.032383
-675.017134,330,1021.321118
-595.869533,351,1021.707388
-698.427137,258,1022.016737
-323.777296,172,1022.178589
-611.354239,881,1023.105576
-607.538432,477,1023.633008
-478.317207,333,1023.916568
-717.863887,349,1024.313843
-310.05123,400,1024.853419
-720.143066,370,1025.157123
-728.441474,399,1025.60475
-415.555899,320,1027.580874
-828.659044,394,1028.037048
-430.128423,645,1029.459939
-990.414875,832,1030.28853
-703.642944,424,1030.79123
-404.381638,329,1031.149781
-505.195633,408,1031.600547
-980.776024,602,1032.210553
-546.348249,487,1032.724097
-667.030086,520,1033.266475
-673.678796,252,1033.499793
-880.038765,591,1034.192888
-715.725402,268,1034.440302
-348.390341,236,1034.723668
-947.552966,762,1035.530008
-436.263838,330,1035.928271
-650.424968,401,1036.275265
-749.564538,536,1036.829202
-330.978288,171,1037.087885
-445.007277,404,1037.516841
-344.894939,248,1037.739474
-597.871119,402,1038.223769
-324.419865,180,1038.369763
-1042.960736,646,1039.073106
-350.553104,171,1039.405404
-351.687542,164,1039.538193
-681.104424,551,1040.163557
-219.000861,210,1040.546695
-350.460412,177,1040.697826
-333.081498,200,1040.860609
-1500.872249,950,1041.846553
-327.62611,170,1042.105241
-788.517012,576,1042.699075
-925.148593,703,1043.438856
-722.889135,549,1044.888081
-369.489411,156,1045.012572
-333.924435,157,1045.22884
-477.262722,429,1045.694453
-322.423748,229,1045.878878
-304.128716,202,1046.067704
-339.885172,166,1046.293181
-302.840161,183,1046.44833
-351.517204,279,1046.775448
-338.894366,173,1046.919458
-329.365928,202,1047.109459
-272.970452,270,1047.515006
-291.496636,157,1047.656382
-299.677941,140,1047.77594
-534.028454,528,1049.29393
-341.510999,215,1049.476302
-785.49231,540,1050.750771
-241.368489,194,1050.908032
-253.791785,187,1051.861815
-304.055562,215,1052.037876
-306.652545,147,1052.155814
-843.127878,303,1052.503375
-325.039473,241,1052.697507
-335.17255,168,1052.933805
-363.24577,267,1053.151387
-292.935502,227,1053.432019
-500.373228,458,1053.899867
-413.588019,298,1054.151192
-372.142736,252,1054.452217
-410.873719,259,1054.668823
-364.991289,315,1055.025107
-709.676203,722,1055.737648
-359.13179,246,1056.02923
-920.851949,1000,1057.053417
-700.29401,763,1057.786424
-1009.355465,465,1058.269697
-1218.242061,672,1058.923601
-447.518064,265,1059.2379
-597.740733,470,1059.716433
-1333.445068,659,1060.360047
-259.513895,185,1060.600585
-848.270624,669,1061.245298
-264.857172,215,1061.429265
-1420.638013,755,1062.235784
-1123.530525,712,1062.925924
-401.279694,260,1063.231739
-849.226982,642,1063.854824
-874.125495,655,1064.492336
-385.924898,255,1064.795025
-443.19928,301,1065.045938
-1030.200972,1000,1066.061239
-498.913543,362,1066.449404
-286.980741,196,1066.617684
-761.054653,610,1067.214439
-305.048925,266,1067.524514
-355.465931,192,1067.69057
-884.47652,627,1068.402901
-1157.516114,397,1068.732678
-389.666173,259,1069.031283
-1070.47568,370,1069.430729
-1029.400644,606,1070.019579
-1078.165885,756,1070.739272
-1392.493826,667,1071.471991
-764.846849,561,1072.024392
-1086.149943,704,1072.691508
-1191.104117,1000,1073.695749
-950.193873,582,1074.266444
-420.480344,217,1074.544291
-719.955653,507,1075.049423
-286.211432,206,1075.214033
-1241.330193,806,1076.063837
-385.760367,237,1076.254204
-326.142472,206,1076.422863
-376.417798,238,1077.925861
-400.036531,256,1078.131774
-273.563817,191,1080.430516
-531.514466,472,1080.943134
-435.071079,349,1081.221987
-324.8471,222,1081.543524
-418.376399,233,1081.735221
-263.805682,221,1082.114636
-330.746948,197,1082.27966
-363.311347,259,1082.643209
-589.949512,426,1082.990331
-1011.798588,735,1084.596162
-410.633881,265,1084.808465
-368.794584,273,1085.147027
-367.790414,204,1085.310802
-324.639962,233,1086.49302
-462.68004,240,1086.688896
-388.599235,222,1087.056673
-744.263771,504,1087.554623
-751.430455,589,1088.255236
-843.006045,645,1089.053012
-393.629114,366,1089.532873
-1162.489368,533,1090.135087
-763.330704,639,1090.855395
-391.20991,284,1091.956176
-367.541308,262,1092.251019
-1265.707471,683,1093.066574
-735.447862,401,1093.58849
-606.533488,415,1094.103159
-903.077543,528,1095.178411
-787.946156,557,1095.769573
-337.046636,179,1095.913297
-440.559792,335,1096.315894
-339.046678,276,1096.711313
-450.572689,245,1096.937255
-383.458612,169,1097.082685
-362.057999,197,1097.374969
-372.16208,252,1097.60166
-490.38987,345,1097.998568
-339.088802,204,1098.164428
