#{"t_start": 1787681368.9287257, "env_id": "Atom-v1"}
r,l,t
-212.21585,126,4.234097
-209.526422,118,4.451862
-197.897554,88,4.608583
-215.313118,98,4.774656
-192.967272,157,5.99025
-125.8583,84,6.126683
-149.141223,109,6.311614
-201.269892,112,6.526582
-194.778319,136,7.076833
-186.163204,88,7.35396
-196.410342,88,7.525964
-199.781312,170,7.860064
-185.881339,109,8.061394
-210.705633,121,8.820728
-204.589376,91,8.999032
-226.358159,116,9.25808
-184.052794,63,9.400848
-174.596305,85,9.563759
-192.797141,105,10.243137
-197.011868,87,10.397223
-171.304768,119,10.59246
-176.601034,64,10.703285
-192.124308,81,10.849782
-184.007301,108,11.03789
-192.849607,80,11.533501
-206.966647,77,11.665061
-221.24361,83,11.808173
-179.029502,111,11.999013
-199.397803,125,12.213217
-173.369993,84,12.693889
-94.876499,180,13.005649
-192.834855,84,13.154209
-147.356308,141,13.400062
-198.586026,190,14.022742
-196.395856,84,14.168201
-205.235507,114,14.364528
-184.855727,72,14.490301
-174.621622,152,15.040327
-139.67898,78,15.173119
-150.937606,115,15.37069
-82.035008,165,15.650428
-213.491164,141,15.889644
-203.581951,80,16.308819
-162.671598,74,16.428335
-153.186063,140,16.657452
-218.184937,90,16.801822
-162.114421,216,17.434886
-185.276995,87,17.576459
-190.823562,71,17.700308
-164.0282,80,17.846474
-199.803799,71,17.962801
-208.204093,85,18.102421
-217.389107,139,18.630072
-171.278028,141,18.861796
-237.076392,117,19.049847
-202.073345,124,19.252856
-190.386276,90,19.699482
-189.081924,82,19.833221
-174.970443,60,19.928185
-173.864172,113,20.108899
-202.553264,95,20.261845
-183.555104,75,20.384412
-233.350416,169,20.95417
-126.136754,141,21.179142
-155.914917,101,21.343513
-175.310645,124,21.542009
-196.720983,113,22.022596
-261.544108,156,22.28601
-219.892225,104,22.451074
-190.512571,109,22.625717
-196.074181,112,23.106239
-200.207432,94,23.26511
-213.709671,162,23.526201
-221.306437,92,23.674758
-216.441279,111,24.167707
-195.262916,187,24.474999
-189.073436,85,24.611631
-196.140384,86,24.75396
-198.385476,99,24.914464
-187.367026,104,25.389685
-193.459046,109,25.56596
-210.28397,85,25.703692
-202.026911,85,25.842385
-167.661768,243,27.835003
-137.489914,120,28.032076
-165.536237,94,28.186086
-198.010263,83,28.322672
-201.85487,143,28.863511
-218.802383,77,28.991111
-212.060246,91,29.137878
-185.425079,78,29.2621
-213.107091,145,33.618369
-201.334931,87,33.757666
-160.338855,141,34.289378
-199.773058,106,34.46575
-185.125953,77,34.591306
-65.652853,130,34.803133
-199.302747,69,34.916348
-205.458914,89,35.363869
-73.281921,107,35.535504
-211.646727,138,35.759526
-209.432902,110,35.937146
-193.605784,85,36.381446
-171.858569,106,36.561286
-171.356717,84,36.696995
-23.798963,224,37.060643
-202.002596,113,37.519721
-196.308753,97,37.676387
-215.357179,85,37.813407
-176.651025,97,37.970174
-198.690873,121,38.170802
-209.374546,78,38.295988
-188.476026,87,38.721534
-178.871354,92,38.87031
-177.23001,70,38.984413
-203.789215,101,39.147444
-176.791069,95,39.301709
-193.384169,71,39.419267
-197.26114,74,39.817636
-150.350545,121,40.015219
-206.212284,99,40.177332
-199.737362,82,40.309694
-215.937391,111,40.49062
-161.405775,103,40.962271
-198.636618,150,41.208881
-183.823722,86,41.347536
-180.205254,106,41.522268
-207.404623,102,41.964278
-207.837499,93,42.115002
-227.503014,154,42.366671
-202.815008,136,42.588438
-197.446688,112,42.770017
-224.766322,192,43.355819
-163.674307,110,43.545489
-184.862188,118,43.737958
-196.533393,69,43.848672
-82.010536,171,44.404956
-209.395495,87,44.550006
-214.695721,137,44.773976
-159.903631,138,44.997548
-188.275367,116,45.464456
-107.443522,116,45.654792
-184.352792,123,45.854038
-212.236644,93,46.003558
-195.39738,170,46.555904
-205.995104,92,46.705233
-117.071081,122,46.901539
-176.029687,181,47.207585
-231.250868,199,47.834724
-192.819778,95,47.988209
-195.458759,136,48.211341
-189.315996,68,48.320169
-161.658821,112,48.805128
-167.776677,137,49.026896
-193.660676,131,49.247194
-219.765674,119,49.443472
-6.866201,264,50.180477
-194.114166,136,50.401855
-161.870405,251,51.110098
-187.016715,92,51.259613
-38.408001,173,51.541612
-162.698616,116,51.735155
-187.030538,61,52.135771
-230.426229,168,52.410779
-217.746059,171,52.687231
-183.909186,119,52.882191
-196.166819,276,53.648117
-196.158337,136,53.868611
-189.764417,148,54.411488
-201.255162,89,54.563542
-181.847058,136,54.784877
-186.584524,199,55.112804
-127.37569,137,56.132292
-193.607235,108,56.307833
-184.496759,133,56.525752
-162.582364,164,56.796654
-119.591316,169,57.351524
-53.675664,143,57.583502
-186.48619,131,57.798264
-189.599658,100,57.961186
-184.262879,108,58.41589
-53.084363,353,59.000256
-180.499951,114,59.495032
-20.673579,184,59.792934
-187.819516,147,60.04347
-171.762486,216,60.678037
-79.23047,155,60.928739
-232.215395,184,61.229269
-113.478634,160,61.776377
-82.96126,143,62.010967
-60.685689,172,62.29549
-184.216813,183,62.876969
-21.872505,123,63.079643
-201.227367,156,63.33532
-211.20113,122,63.544328
-151.782048,152,64.076411
-65.645111,124,64.278851
-192.477159,134,64.502842
-124.607273,315,65.299488
-184.271318,139,65.527134
-205.480576,106,65.69836
-159.680087,114,65.883868
-104.566795,134,66.39777
-88.088991,268,66.852577
-59.719778,93,67.005396
-220.285916,238,67.693252
-57.02552,85,67.833529
-112.539802,198,68.162649
-171.246166,108,68.657285
-183.146652,78,68.784857
-201.592908,200,69.112948
-31.181833,109,69.292707
-172.52433,158,69.86644
-52.664352,87,70.008092
-45.310298,174,70.296396
-24.593498,221,70.959862
-184.055688,160,71.226564
-25.427202,163,71.493229
-207.452323,237,72.184618
-187.752543,87,72.325303
-74.815337,160,72.585224
-48.0227,119,73.081325
-98.019689,117,73.270445
-59.891217,375,73.899802
-21.301195,162,74.478336
-38.23769,195,74.799481
-51.805281,105,74.971637
-28.043436,386,75.904247
-193.823238,176,76.190654
-92.077135,138,76.715314
-59.437547,129,76.92679
-63.667158,81,77.056669
-49.976518,126,77.262146
-193.113631,172,77.841843
-45.280263,174,78.127465
-44.402013,120,78.698915
-53.327299,94,78.851998
-102.926586,107,79.339055
-52.047065,145,79.580874
-80.003242,149,79.823086
-39.129272,99,79.984745
-23.256912,135,80.509459
-128.922033,101,80.674811
-178.935459,110,80.851336
-74.81569,120,81.045563
-52.303876,113,81.531184
-57.681692,113,81.717196
-39.522526,106,81.891291
-18.402703,207,82.22757
-159.894459,84,82.669532
-3.203685,219,83.028157
-22.351851,162,83.293733
-58.803505,107,83.778413
-26.474836,124,83.982721
-68.260115,86,84.124446
-52.120347,194,84.441892
-31.827114,119,84.940148
-141.355553,112,85.122245
-89.403837,140,85.349224
-60.666108,93,85.500568
-27.811676,147,86.048367
-56.661728,195,86.365167
-42.305429,125,86.568128
-94.414505,166,86.841436
-48.936882,98,87.306604
-47.741772,95,87.461623
-162.023398,220,87.81847
-65.149683,111,88.299944
16.809954,303,88.801906
-152.48801,100,88.963295
-28.78931,108,89.142205
-113.645352,119,89.645836
-104.464708,149,89.889726
29.145,172,90.17044
-81.79228,118,90.665658
-87.805748,135,90.890432
-152.888864,221,91.258626
-24.471551,93,91.419116
-24.064835,133,91.942687
-10.81304,159,92.20653
-34.946623,124,92.410961
-62.411651,95,92.565415
-100.95436,92,93.049803
-26.086754,113,93.228058
-34.252011,96,93.381109
2.809572,226,93.776478
-65.060332,192,94.390104
-47.778149,117,94.58084
-126.433472,266,95.316131
-59.879178,115,95.502852
-40.912049,97,95.659107
-34.040466,98,95.815811
-71.582079,101,95.977219
-40.586726,121,96.472375
-34.550792,229,96.850101
-31.650756,143,97.07761
-95.924694,91,97.521697
-55.567907,85,97.659478
-70.723265,98,97.81968
-113.260074,180,98.109818
-35.270285,111,98.286479
-77.987146,130,98.806548
-17.844627,164,99.071203
-66.986847,91,99.216494
-103.980727,171,99.796377
-53.873223,115,99.98016
-57.000384,87,100.120132
-25.092645,98,100.278745
-10.380801,136,100.498246
-25.319219,201,101.476302
8.43801,127,101.681927
-13.140841,137,101.904677
-80.710631,118,102.393629
-175.984649,190,102.701157
-24.29821,107,102.874628
-43.732545,110,103.051416
-210.816011,124,103.533732
-18.910687,128,103.739551
-42.872011,117,103.930111
-63.02056,115,104.124035
-80.173409,107,104.579842
-38.590494,178,104.870996
-19.460584,129,105.080891
-0.279051,163,105.345297
-33.674765,107,105.805706
-99.406616,129,106.017045
-19.786726,156,106.267722
-48.470333,140,106.493027
-35.407911,121,106.992387
-61.674802,141,107.222848
-28.836122,93,107.373489
-25.407808,124,107.574134
-42.188376,120,108.069156
-32.130855,124,108.268315
-175.970635,117,108.463989
-3.171942,115,108.647249
-17.775485,124,109.158904
-19.152925,128,109.365208
-33.140875,127,109.578941
-42.654239,134,109.794075
-60.687584,96,110.251278
-185.518542,106,110.421757
-43.226417,87,110.563267
-47.649611,176,110.847601
-49.773397,101,111.011421
-25.975755,113,111.50412
-30.484486,114,111.686743
-34.535259,165,111.955968
-42.733572,126,112.16235
-39.722619,105,112.630398
-164.599377,103,112.797175
-9.5764,171,113.079586
-44.689007,89,113.222169
-33.625712,119,113.742708
-57.572783,149,113.981832
-36.679539,98,114.138686
-26.653212,190,114.447593
-16.145671,143,114.988569
-38.621098,150,115.235176
-15.166902,139,115.460601
-37.049042,144,116.003352
-50.401464,78,116.132439
-87.47808,111,116.311604
-72.048693,118,116.502544
-63.815231,91,116.665433
-21.392783,127,117.204816
-82.336517,102,117.37436
-92.761736,99,117.538468
-202.666566,136,117.778823
-38.603062,88,117.929971
-3.888774,104,118.405383
-0.025905,161,118.674313
-50.815399,134,118.900217
-94.945881,99,119.063862
-54.03827,138,119.599684
-24.093233,108,119.777016
-35.461784,115,119.964039
-71.972261,101,120.126475
-60.769236,75,120.249196
-79.459138,114,120.735489
-41.728897,146,120.971831
-13.630082,94,121.124501
-44.389156,158,121.381154
-47.028414,77,121.812186
-85.508785,135,122.033675
-52.562306,89,122.180375
-39.436908,118,122.371005
-47.044531,85,122.509635
-26.020035,125,123.013939
-26.118958,110,123.195187
-17.155289,105,123.367232
-101.169236,95,123.915441
-52.378428,136,124.453745
-55.23139,141,124.686047
-42.445897,127,124.891288
-39.181464,88,125.038081
-47.35949,137,125.56404
-77.680039,113,125.747468
-20.712715,139,125.976052
-36.985156,104,126.14555
-25.793824,108,126.319056
-34.795634,119,126.819334
-135.846136,119,127.015227
-14.416868,118,127.205978
-64.436969,105,127.38204
-41.362811,147,127.93074
-6.953094,172,128.212957
-76.454424,104,128.382815
-60.471282,103,128.562183
-20.560565,107,129.044048
-34.686496,98,129.206871
-37.457196,119,129.401103
-29.974627,103,129.575778
-41.769054,92,129.725828
-28.567796,90,130.17848
-43.422758,104,130.347788
-130.361593,153,130.595633
-6.23127,186,130.897948
-29.858123,157,131.460639
-31.645319,135,131.680841
-13.652204,122,131.885774
-25.66759,102,132.0591
-214.080127,160,132.627629
22.328733,136,132.848247
-39.926131,103,133.018555
-33.883517,93,133.178679
-31.344211,111,133.683276
-184.701854,142,133.921922
-47.709678,158,134.186365
-7.958423,122,134.388475
-87.604894,240,135.087016
-64.820424,108,135.261889
-26.842929,116,135.450324
-13.145473,136,135.972972
-31.640955,127,136.183215
-40.302626,122,136.381846
-52.239891,92,136.531862
-47.969265,116,136.718306
-23.787994,154,137.271712
-46.72157,111,137.455045
-50.314655,99,137.618587
-78.266947,89,137.762852
-14.816049,135,138.29637
-45.259422,96,138.46091
-121.42373,142,138.691905
-65.0992,100,138.856727
-13.54867,201,139.488699
-39.374249,113,139.677814
-60.009235,105,139.851115
-41.020205,98,140.014653
-38.801651,85,140.15395
-21.718747,115,140.647611
-45.830041,102,140.81558
-30.084761,116,141.004845
-48.991399,108,141.182474
-29.140283,125,141.686973
-57.80567,141,141.91556
-89.351788,148,142.158099
-88.819099,115,142.347023
-37.081529,181,142.946564
-17.295891,131,143.164753
-25.950808,119,143.359906
-64.640482,105,143.542468
-50.805028,114,144.026026
-55.285686,119,144.219505
-26.856452,135,144.445004
-56.186448,129,144.654308
-76.67232,164,145.221444
-28.664332,100,145.383676
-4.303561,145,145.625581
-43.478675,149,145.872442
-12.521567,117,146.826838
-16.793281,128,147.042448
-34.933684,132,147.258541
-82.454665,73,147.3787
36.043553,185,147.980922
-79.638853,126,148.192702
-44.092153,119,148.386355
-19.273991,134,148.612698
-73.697003,105,149.096627
-24.829232,109,149.274832
-58.531539,85,149.421325
-37.626339,103,149.603618
-59.513467,144,150.123831
-86.762218,259,150.542446
-86.629791,137,150.764359
-20.300987,188,151.349609
-36.387126,99,151.510458
-45.251237,227,151.880132
-34.260662,118,152.363409
-20.011567,118,152.557299
-4.201582,134,152.775982
-46.062864,150,153.023023
-197.372518,192,153.664572
-52.45671,87,153.806722
-54.481552,170,154.103971
-43.878482,103,154.27293
-14.179821,143,154.811912
-77.58535,124,155.018786
7.104652,190,155.334576
-2.773967,161,155.904596
-69.717271,242,156.299364
-31.560653,229,156.980636
-49.420088,91,157.130875
-63.431583,114,157.319791
-8.611504,107,157.493481
-39.306061,109,157.678547
-45.525919,91,158.134961
-60.009069,77,158.259615
-29.914709,114,158.449456
-48.016352,115,158.641651
-39.251023,88,158.782383
-73.237936,99,158.944069
-44.961287,106,159.424631
-51.729823,98,159.588608
-37.339886,203,159.918669
49.114361,171,160.508891
-35.78094,105,160.680603
-73.118969,151,160.926641
-41.751837,119,161.127027
-29.117137,129,161.63918
-94.225344,149,161.885989
-14.362845,178,162.17762
-96.960948,156,162.730021
-114.125557,216,163.081897
-34.81069,118,163.275328
-3.664581,137,163.506423
-13.766172,138,164.041894
-10.871556,99,164.204624
-54.866594,99,164.370482
-18.112124,148,164.619196
-36.9815,159,165.18541
15.612182,144,165.418017
-20.181733,119,165.613539
-3.921845,191,166.231892
-26.898735,129,166.444126
-5.382684,177,166.73883
-35.858926,123,166.938085
-56.520929,155,167.507773
-55.940746,128,167.719682
-15.768857,149,167.964556
-63.793896,88,168.110188
-50.282653,100,168.586416
-16.569762,136,168.809049
-27.081474,176,169.518687
-22.708044,117,169.711498
-14.437861,149,170.258632
-59.101662,122,170.464225
-39.917195,116,170.657657
-39.519021,139,171.185412
-22.715493,92,171.339844
-71.517765,132,171.555432
-29.945558,172,171.838876
-39.490709,142,172.377372
-60.35616,132,172.595499
-12.382388,120,172.791447
2.716613,166,173.065238
-26.045379,107,173.560051
-18.289826,118,173.751125
-51.359865,233,174.128988
-50.806576,99,174.292843
-29.588097,124,174.798522
13.28701,135,175.0247
-5.892733,158,175.282538
-25.977469,102,175.449753
-37.025727,227,176.133366
-40.058598,114,176.328741
31.872632,228,177.004122
-1.967328,143,177.245875
-15.420486,99,177.412232
-72.844623,159,177.678663
-34.49785,100,178.142224
-56.635158,75,178.263229
-24.852364,96,178.421543
-31.636023,114,178.613032
11.246509,214,179.269833
-28.848321,95,179.430112
-5.414308,121,179.635031
-5.517066,169,179.907402
-19.437399,127,180.427643
-50.68045,90,180.576977
-57.062887,99,180.737566
28.737294,208,181.076095
-79.883175,120,181.574305
-37.0848,108,181.756224
16.734594,148,182.000499
-14.803294,112,182.181058
-31.997127,125,182.68855
-63.096855,115,182.878736
-13.86646,124,183.081167
-15.10065,100,183.247926
-37.759404,146,183.49577
-35.923749,178,184.096012
-63.441511,186,184.400598
2.566282,131,184.620889
27.653674,213,185.287279
-43.735083,219,185.651317
-7.370088,131,186.180269
-27.811105,127,186.391579
-31.749212,119,186.586847
-52.485832,229,186.966038
-82.894688,170,187.549379
-99.190809,182,187.860348
-26.193474,157,188.120477
-2.000832,125,188.639174
-60.729861,113,188.825136
-38.915077,107,188.996565
-27.822754,133,189.215858
-86.304226,205,189.845128
-28.418602,137,190.073271
9.081544,145,190.311467
-21.898871,102,190.759392
-22.813429,135,190.977704
2.731415,140,191.210264
1.278159,170,191.493959
-21.021555,136,192.068634
16.333991,167,192.935952
-74.976624,110,193.121268
-83.247052,113,193.305573
-29.776566,142,193.819925
29.931352,204,194.1628
-58.84961,98,194.32288
-14.166599,113,194.79513
11.90435,185,195.121317
-12.770992,199,195.446558
-7.292024,126,195.959622
-61.695771,83,196.098509
-140.53649,146,196.339261
-60.340015,246,196.740377
-5.305455,135,197.270126
-40.283401,174,197.559427
11.39913,140,197.791163
-21.2519,113,198.29142
1.115527,157,198.560826
-4.968769,165,198.848113
-17.060393,149,199.107294
-33.916514,115,199.600602
-30.841254,126,199.806855
-3.590774,156,200.064524
-28.238162,149,200.609156
-34.283711,130,200.824296
-44.030325,119,201.020683
-1.998411,149,201.268693
18.087153,118,201.768686
-5.328144,185,202.080592
-41.614216,91,202.228762
-12.323761,130,202.442541
2.21315,129,202.958734
-13.064239,121,203.161587
-1.503991,129,203.37305
9.753474,145,203.620269
-51.740454,85,204.062831
-19.797357,143,204.298073
-16.47931,109,204.480348
14.302672,148,204.726929
-35.165911,161,205.296665
-45.982194,306,205.80929
-53.795888,160,206.387806
-108.330162,376,207.006259
-38.98852,120,207.203199
-55.897217,183,207.805037
-22.078815,129,208.020848
-297.704966,367,208.948176
19.466109,154,209.207616
-23.951652,107,209.388431
-84.932217,115,209.892968
-19.459902,136,210.116276
1.039092,129,210.326821
-5.221899,143,210.5609
-102.441399,159,211.129124
31.076164,172,211.410667
-21.85106,163,211.683975
-66.259868,179,212.279231
-14.220231,150,212.522414
-30.862076,198,212.846766
71.125352,294,213.639004
10.349887,176,213.923014
64.637237,271,214.68921
-12.841891,141,214.921342
-49.962599,141,215.793944
-48.608911,181,216.390596
-27.533714,118,216.581356
47.075626,168,216.860423
-57.19491,189,217.475605
2.984746,165,217.748741
-110.411976,138,217.973934
5.757604,139,218.204689
-4.790409,156,218.775739
-27.300978,130,218.988906
26.176249,300,219.769323
-101.026423,144,220.004134
-39.674838,179,220.299114
7.804458,128,220.786003
-16.123369,152,221.037918
-41.737833,133,221.25775
0.432601,116,221.44974
40.688349,163,221.997928
-10.986632,169,222.272331
-37.289271,103,222.437641
-62.254089,264,223.144305
-34.245688,104,223.31215
-56.690948,123,223.520847
-33.810612,98,223.682091
-52.790796,141,224.192631
3.584356,117,224.38532
1.707394,133,224.608878
-26.745808,110,224.788765
33.686033,292,225.540083
19.16485,120,225.736852
39.993545,159,225.992769
-18.772945,110,226.451569
-29.226002,104,226.622605
-55.485576,147,226.862968
-11.488208,143,227.099357
-22.146257,117,227.563848
49.045468,173,227.839865
52.544469,182,228.137053
-18.821647,93,228.289494
-26.497754,96,228.729203
-57.965873,84,228.864653
-53.856463,175,229.149951
-106.975287,203,229.789092
-58.373412,172,230.073171
-55.918231,144,230.307284
21.192862,126,230.510949
-32.680992,117,230.983253
22.693042,201,231.310411
3.165425,114,231.493958
-23.026226,93,231.644869
14.968567,123,232.125055
-29.60373,150,232.370206
9.101503,147,232.609159
-77.429578,105,232.780753
-40.068242,107,233.233462
-91.048595,174,233.528537
-199.066699,160,233.788777
6.565826,144,234.345123
-85.764585,104,234.522065
-55.648494,129,234.732678
-27.828407,115,234.918325
-31.410007,104,235.396671
22.167638,127,235.609303
0.945869,169,235.885614
-39.660536,111,236.069299
-48.977503,198,236.691102
21.955452,162,236.955286
-44.527871,100,237.124001
-96.006754,123,237.327217
-35.874189,162,237.869539
8.538556,148,238.547672
35.995299,185,238.847404
82.921141,168,239.397052
4.77976,144,239.640094
-90.39425,132,239.858423
-42.814243,146,240.377974
-37.897521,80,240.509286
25.333953,127,240.713086
-101.710622,85,240.854554
-74.024728,153,241.107936
-18.091432,113,241.570123
-32.750532,129,241.78541
47.553368,182,242.082077
-15.810954,99,242.246755
-41.311579,97,242.691707
13.149873,135,242.913636
-17.408281,98,243.075826
59.478926,194,243.392188
-12.281511,92,243.821586
-6.791046,119,244.014776
-36.074808,104,244.194167
-48.441676,141,244.425001
-38.384932,123,244.906715
-33.13346,171,245.192829
-1.912554,120,245.388683
-22.128206,106,245.566092
28.748608,131,246.059134
-13.49905,216,246.414748
-28.930197,112,246.600258
-4.499143,168,247.15929
24.452336,227,247.538417
-142.886847,168,247.813996
-87.939989,194,248.412645
-0.985839,104,248.596195
-7.601716,147,248.836103
-38.044248,133,249.33252
-32.309806,90,249.485017
-20.634868,121,249.684709
-10.742867,109,249.863165
38.751841,206,250.500227
-33.504159,113,250.684734
-12.07723,144,250.920093
-38.541274,100,251.082001
13.996187,115,251.270902
5.174087,116,251.763902
-28.656279,122,251.965381
1.582747,133,252.181467
-36.442938,107,252.359086
47.911427,214,253.018732
-70.566415,146,253.255409
22.26984,157,253.521235
46.793464,273,254.277874
22.053115,150,254.52964
-22.397034,92,254.680668
-4.059213,154,255.241477
-39.287469,141,255.474121
-22.909618,123,255.675671
-40.127274,138,255.90412
-6.428244,126,256.408499
24.007567,135,256.630498
13.749804,117,256.823238
-54.467501,145,257.363337
-19.759704,114,257.5499
-2.232709,145,257.790415
-49.049637,95,257.943893
57.079995,151,258.190035
15.800178,180,258.799707
-51.834692,127,259.008108
-13.852988,161,259.285039
5.217439,120,259.789911
15.775406,255,260.211622
-8.347203,124,263.950537
-145.312151,142,264.49736
33.078441,162,264.759396
-14.716741,105,264.930043
77.529145,255,265.64997
23.047136,189,265.961429
-30.765073,173,266.250876
-13.506242,192,266.869112
149.198601,393,267.814014
-15.154286,266,268.24799
47.172227,131,268.469971
-9.629033,145,269.013373
53.336736,173,269.294593
4.923856,271,269.739119
29.901253,197,270.364191
-2.878999,100,270.525474
-5.782309,147,270.76375
-47.99864,101,271.231794
16.708662,166,271.504781
-19.063507,180,271.796451
-34.089498,130,272.006558
19.641958,139,272.536087
17.477947,118,272.729048
14.277332,246,273.134067
-0.782156,169,273.694134
-16.863699,120,273.891044
0.613317,155,274.14448
-25.466261,153,274.702268
13.652324,145,274.937699
-53.676319,103,275.106839
-17.516549,124,275.306271
-36.612726,140,275.833757
-163.84733,157,276.092626
-5.184858,144,276.324177
-4.995734,126,276.525197
-88.510886,250,277.236475
39.631716,182,277.535864
-135.168164,338,278.394421
-76.046561,98,278.567437
-44.39067,133,278.786445
-18.122632,107,279.267474
-21.905555,112,279.454039
44.406013,235,279.837331
-65.367078,139,280.368707
-28.730419,135,280.59138
-72.32469,141,280.820805
2.390746,271,281.575068
28.736759,146,281.810664
8.730029,160,282.07083
-78.455546,130,282.28339
4.711865,135,282.800463
50.521257,215,283.147481
-19.525121,129,283.355966
22.358261,286,284.126437
58.789226,256,284.544852
-60.367775,349,285.42522
49.851676,174,285.707277
-236.796808,275,289.492106
0.302188,105,289.663584
75.0742,283,290.432637
-42.210983,154,290.679901
-9.645834,124,290.879091
-42.389264,122,291.409124
-235.812526,554,292.625187
10.307595,215,292.976985
53.051371,271,293.730004
17.058656,123,293.927574
66.527079,312,294.43706
-32.206983,119,294.937002
-26.717404,103,295.103144
44.845247,295,295.582626
-43.133243,131,296.11229
-104.151715,142,296.345656
21.208519,170,296.619631
-1.087386,151,297.165006
16.188119,175,297.446367
48.951123,137,297.673421
-68.387276,99,297.832016
0.717785,201,298.494044
34.660262,190,298.805054
-28.081443,215,299.463277
16.736607,245,299.865645
-45.748636,101,300.035228
-12.15918,218,300.692938
37.452519,226,301.060438
-12.022546,113,301.243541
35.361984,314,302.050556
24.617433,158,302.311415
40.445961,227,302.977237
18.958642,163,303.241467
-25.991954,132,303.457907
-12.991227,329,304.289976
-3.903909,131,304.509242
105.596897,320,305.330694
32.437833,198,305.646907
17.469128,140,305.874301
2.921432,139,306.403123
-39.082755,94,306.559856
-0.405264,120,306.75257
10.082413,140,306.987692
34.751279,151,307.531126
52.036026,193,307.842308
18.225085,125,308.04675
11.834164,132,308.575762
34.509571,150,308.815488
-27.87494,114,309.008592
-57.691861,196,309.634096
-3.160353,126,309.839061
10.489194,146,310.076841
-45.086979,88,310.221979
53.913419,189,310.829055
-63.612171,99,310.988309
-8.303461,143,311.220329
-16.029049,125,311.420037
-3.41228,122,312.907624
5.331985,152,313.153464
-14.62346,110,313.329106
49.906545,154,313.592882
99.549269,209,314.234388
27.866627,132,314.448892
6.338889,130,314.666436
9.894277,117,315.16008
-53.779462,181,315.457084
8.579491,101,315.618719
-36.946797,117,315.808433
14.476883,153,316.362533
22.336465,157,316.617877
53.004675,236,316.9992
-22.650374,149,317.539312
-28.484485,113,317.722142
-17.067267,132,317.934085
27.46416,171,318.210858
-2.315003,113,318.708658
-18.600762,107,318.880726
-0.041502,138,319.102329
8.420289,116,319.287758
-6.271004,129,319.804152
-36.862808,125,320.004668
-28.195511,108,320.18193
7.814745,134,320.397923
-22.057262,107,320.870792
111.395523,309,321.370977
65.489673,188,321.975878
26.974381,180,322.269344
158.703982,341,323.125487
43.842412,174,323.409446
-19.2278,118,323.611877
7.301792,132,323.82354
-26.616229,191,324.434233
1.261692,156,324.696604
13.611077,164,324.961323
11.644264,115,325.452828
84.186866,285,325.914013
119.239348,276,326.668838
24.948165,132,326.879167
-285.928062,269,327.317111
24.095348,214,327.968321
14.29406,134,328.185733
33.914432,200,328.822075
-98.861613,170,329.095632
-123.619071,151,329.338476
63.150669,196,329.974002
-65.076728,113,330.156088
-23.630194,100,330.320563
85.958395,190,330.625398
-1.129313,114,331.117349
-79.46952,211,331.460058
12.702575,135,331.679539
-6.212535,136,332.204067
-44.159427,151,332.451505
51.545355,177,332.741076
-25.526747,87,332.882172
-49.563289,138,333.408102
6.839659,168,333.684412
-7.030202,137,333.906149
76.834196,194,334.533859
14.686969,148,334.774093
69.539377,229,338.109998
27.645374,156,338.677736
-84.133845,224,339.045788
23.360706,197,339.365851
-18.607151,147,339.902322
-9.888768,168,340.173082
-129.268297,326,341.009093
73.989989,169,341.280613
44.421112,325,342.110737
5.812647,158,342.368278
-54.124459,274,342.813851
84.809578,213,343.46935
28.848259,117,343.658848
-38.21076,121,343.850296
-6.943198,142,344.387428
30.842329,115,344.578294
71.412649,324,345.402308
-118.758423,144,345.634866
19.389366,207,345.971003
16.663907,258,346.692749
152.662798,260,347.1133
20.851273,190,347.725291
34.884572,208,348.061949
64.685736,200,348.388335
-79.71568,214,349.04554
2.167355,141,349.274622
-14.114867,276,350.032408
25.296064,170,350.312315
16.947522,157,350.566744
30.03014,131,350.779018
47.910784,339,351.635741
74.334682,190,352.251838
99.957638,202,352.578079
32.79972,165,352.843845
56.686163,198,353.474875
185.371242,343,354.030369
13.60002,155,354.586253
40.822518,136,354.810793
63.311111,503,355.9451
76.145349,167,356.225147
181.283859,350,357.101092
19.418346,218,357.46659
-43.938855,166,358.048755
48.717052,157,358.308259
130.949713,243,358.715966
13.709953,139,359.250952
101.534916,229,359.633737
88.397012,193,361.127691
22.249907,154,361.68693
-314.065814,354,362.265595
-124.376388,514,363.405771
51.578088,254,364.125597
10.682244,244,364.529818
-39.037277,232,365.215904
-36.289996,193,365.533077
-257.538687,227,366.215096
99.443137,369,366.818348
141.081179,268,367.576064
73.596789,209,367.914354
34.826688,146,368.466461
50.847094,135,368.692258
146.800563,289,369.164314
28.264597,146,369.725364
50.349902,168,370.003612
102.662115,274,370.758623
28.353057,121,370.953915
99.877402,244,371.351249
41.565917,153,371.90638
-21.857299,93,372.057548
2.04737,93,372.206759
-33.627452,90,372.354511
91.136475,187,372.960833
82.937218,264,373.391882
35.2959,223,374.073631
3.997599,129,374.284431
-50.250017,145,374.524309
-15.655031,118,374.716295
36.072182,224,375.371062
41.162713,158,375.628796
99.041995,218,375.981077
9.12035,114,376.445509
69.153407,266,376.878245
44.146232,137,377.100246
24.562633,189,377.690858
-8.299099,101,377.853843
-135.626108,190,378.164236
50.810543,194,378.761298
50.115954,172,379.039194
210.133428,391,379.955174
133.200901,230,380.348244
127.392957,222,380.987239
27.736851,171,381.268181
26.395795,324,382.075622
77.779097,155,382.331357
68.063059,198,382.655173
97.728515,240,383.350989
40.076584,212,387.704458
120.824076,257,388.393865
1.067669,191,388.713684
53.974874,168,388.986865
14.800979,159,389.534786
9.076754,122,389.731762
169.906667,262,390.440656
-17.559818,102,390.606899
106.964549,330,391.150087
17.087051,119,391.621137
-20.019105,224,391.984442
32.689012,331,392.828312
56.766837,165,393.097622
180.811239,351,393.951082
84.514141,202,394.279828
-18.313898,214,394.957029
196.075388,272,395.405886
100.69084,221,396.067269
88.243345,304,396.566968
24.677198,151,396.809475
72.845447,185,397.421276
151.647491,267,397.853956
24.938288,130,398.374333
103.325363,183,398.680542
77.5298,164,398.944791
38.842029,221,399.611641
68.840507,183,399.90851
79.828035,260,400.630094
-68.179796,176,400.915996
19.660137,245,401.311088
-4.473736,127,401.818957
229.915518,419,402.502209
69.93003,326,403.332646
109.772548,214,403.688301
40.0555,173,404.277906
68.423874,216,404.638104
101.565675,219,405.273255
-22.915135,119,405.468411
42.761858,153,405.719984
63.255523,130,405.931028
35.019725,162,406.498358
61.163154,145,406.731877
69.871498,203,407.057342
-2.588207,120,407.557137
66.499611,197,407.875962
-48.195273,126,408.081431
51.365016,144,408.629986
120.548055,200,408.955395
19.853536,145,409.191556
12.483244,274,413.93819
47.156906,133,414.156567
10.949039,152,414.404061
51.064266,286,415.176229
-39.188195,150,415.420842
10.129135,129,415.63232
97.388766,184,416.23429
50.963933,122,416.432194
67.83927,156,416.68697
112.39729,214,417.331672
-2.706299,264,417.766557
71.849934,142,418.298738
75.019866,154,418.557631
83.659322,249,418.958268
-14.17748,214,419.59108
-22.325746,107,419.765069
-5.332788,113,419.946146
-157.660939,214,420.574637
-51.80097,153,420.821444
-17.090399,120,421.014799
9.553048,211,421.634417
157.869299,296,422.112968
92.923535,221,422.789496
19.968365,160,423.058479
74.169335,168,423.331638
46.707178,171,423.917369
123.025351,255,424.328306
-7.705477,169,424.606391
80.589839,194,425.225011
57.752,139,425.449531
-158.110817,154,425.698843
0.494517,109,426.152428
68.041092,445,426.877225
9.014889,114,427.345711
40.85625,196,427.663683
217.357108,398,428.604205
95.130895,289,429.076774
82.879069,245,429.754392
-0.360841,117,429.946193
21.805093,187,430.259962
249.249295,606,431.847736
107.911801,240,432.239143
8.819662,339,433.064691
14.896419,200,433.384584
-26.678898,199,434.014331
155.990551,321,434.547142
72.871831,223,435.213009
82.554276,244,435.61114
78.731009,145,436.459819
66.733672,147,437.005309
307.60224,352,437.577608
51.410642,133,438.09709
136.460864,219,438.456133
49.814078,171,438.73751
-102.354243,364,439.641594
102.561351,226,440.009841
-79.069635,213,440.662409
11.237548,409,441.639776
63.890206,181,441.931049
25.743466,136,442.153614
11.600762,327,442.985379
47.508325,185,443.286938
10.935709,165,443.857369
59.331319,234,444.236239
63.312397,150,444.481171
167.326207,425,445.480036
69.502826,154,446.033101
97.737219,250,446.439748
122.096023,408,447.405474
-61.094799,274,447.864076
-22.118521,680,449.59475
53.896594,240,449.982669
4.141767,204,450.612061
145.766139,402,451.267981
38.410035,188,451.888113
11.9618,259,452.312695
10.959172,296,453.109488
-14.522732,827,454.764067
75.103687,205,455.402035
187.361413,291,455.880636
122.946971,247,456.585762
148.322901,360,457.47813
254.657321,413,458.155427
-131.143764,924,464.314098
176.586974,390,465.252339
243.522834,376,466.167343
201.864518,568,467.395857
246.785397,317,467.911601
71.42254,197,468.547348
216.585187,359,469.133763
-92.323002,959,471.301456
26.475367,234,471.98197
86.270147,349,472.548528
21.324345,142,473.079636
267.063586,419,474.074178
139.752949,218,474.426877
-59.351417,412,475.402896
50.439899,171,475.682672
3.969329,152,475.927644
195.550443,351,476.831422
54.896739,231,477.51362
209.105672,512,478.683435
45.989771,213,479.041601
149.564593,314,479.86236
41.541945,181,480.156875
109.185864,168,480.429262
133.316272,208,481.069804
174.554782,338,481.618792
-81.867768,240,482.310426
123.289539,217,482.662554
45.555303,160,483.225044
80.29866,162,483.494313
-254.244953,474,484.574335
110.413008,235,488.991838
60.166168,161,489.562045
29.493143,147,489.802605
74.704266,331,490.336344
178.377385,247,491.04738
420.005223,483,492.11793
77.376877,170,492.395878
20.365727,210,493.009885
36.195558,238,493.39555
108.329983,211,494.02749
92.973182,164,494.293504
-233.961143,328,494.836091
28.842623,201,495.437878
77.549744,170,495.712837
77.317702,258,496.439265
117.008108,206,496.774015
15.200243,146,497.008622
-34.45521,88,497.455314
31.567464,194,497.768173
-6.785925,180,498.062592
109.462394,164,498.642955
80.021992,187,498.945025
120.784881,181,499.238383
-21.256387,141,499.782325
10.633467,129,499.993088
42.870433,148,500.236373
60.525269,165,500.50855
107.652708,184,501.111176
69.197888,215,501.464797
202.724634,224,502.131452
167.917003,233,502.510733
121.183801,149,502.750711
-14.551009,183,503.348084
88.688595,187,503.666523
-107.186943,154,503.917628
143.892922,170,504.505031
-58.742426,164,504.773148
157.028692,192,505.365531
83.132441,177,505.662462
220.026293,208,505.999866
152.113128,202,506.616763
160.953277,183,506.912796
26.870874,163,507.177695
93.225176,141,507.709943
-71.47813,154,507.959348
121.429835,192,508.273942
94.929079,154,508.830754
-21.072641,178,509.119088
122.258083,178,509.407971
176.514146,198,510.042718
141.019389,183,510.339462
114.080485,223,510.702183
25.865562,147,511.922822
183.552073,243,512.320096
95.158254,167,512.89384
198.96864,393,513.540656
31.179835,191,514.153019
-19.37524,199,514.475708
106.495037,203,514.813174
155.440093,257,515.533012
73.989093,227,515.903188
134.23941,221,516.563563
100.414286,202,516.893287
-13.402367,209,517.546968
60.216004,176,517.833724
123.315186,240,518.226235
147.732091,309,519.045696
43.499137,208,519.383292
167.504161,175,519.976912
152.146281,187,520.279431
153.476805,220,520.942558
35.609533,184,521.247277
395.068235,350,522.119016
91.952108,178,522.409831
260.292707,253,522.819374
295.286633,352,523.699737
175.678558,300,524.47082
-138.663925,309,524.98087
228.386893,296,525.735839
-403.063629,365,526.613928
261.062415,264,527.042236
113.812761,208,527.690284
11.853136,182,527.984993
373.371344,301,528.777765
415.861992,460,529.528921
130.935578,202,530.161004
223.723844,260,530.584487
194.382656,338,531.446576
331.019302,332,532.287317
197.570703,238,532.674531
18.040261,137,532.897329
100.269745,174,533.491863
219.226974,250,535.206058
84.389989,244,535.911059
14.654888,252,536.341486
215.858014,209,536.963974
138.402176,208,537.303693
185.657072,407,538.243278
69.932688,161,538.514768
116.966368,181,538.814054
326.053916,335,539.655285
116.80668,241,540.349084
-103.390103,219,540.708172
120.907343,213,541.057964
-80.199554,287,541.825562
297.364706,244,542.222205
147.128211,277,542.982483
-20.251328,174,543.267164
228.376676,255,543.992367
306.219045,323,544.525731
36.391161,137,545.028917
115.997863,194,545.347832
129.955024,185,545.651362
-15.128826,243,546.352415
309.067158,322,547.181154
324.714374,281,547.642384
220.080465,255,548.363722
263.973442,336,548.915205
233.439823,258,549.642563
-328.901925,299,550.127589
198.00656,293,550.912085
267.8452,397,551.866424
251.280713,211,552.210387
58.523527,173,552.49255
55.26689,312,553.307878
55.643774,311,554.121246
-154.583678,359,554.712722
240.892116,312,555.522186
65.349448,187,555.828691
277.532292,268,556.563852
178.154947,212,556.907555
43.656153,227,558.788565
211.907076,290,559.263779
181.581976,242,559.969504
35.260451,137,560.191171
167.845215,170,560.467142
208.853113,322,561.299118
119.410852,189,561.604972
-101.508453,257,562.320113
-100.535686,184,562.61913
121.150087,175,563.201854
100.440381,154,563.457211
92.098187,148,563.706024
546.308059,490,564.811003
228.690946,212,565.459136
178.115437,269,565.895011
178.218132,274,566.649739
6.531001,176,566.936979
60.93735,132,567.152012
115.923772,167,567.731613
319.872843,328,568.264847
-20.737331,163,568.54029
106.678214,179,569.131792
209.839877,189,569.439802
-14.823325,156,570.007786
300.998846,258,570.424079
280.186349,262,571.155103
110.733626,182,571.449642
197.705824,184,571.747761
84.36738,174,572.336438
109.234093,250,572.748282
197.378179,250,573.459838
199.5947,281,573.920625
98.905081,154,574.17289
329.666744,295,574.960819
1.485924,112,575.142755
-72.214596,299,575.934098
236.526859,236,576.317214
193.574216,431,577.318785
-22.14892,124,577.529186
352.622765,327,578.34814
229.712877,290,579.131909
416.172479,369,579.744019
206.210091,271,580.491376
186.152181,261,582.10051
-354.6897,582,583.360328
58.989758,132,583.886867
107.175224,311,584.395413
208.806901,321,585.230436
72.094638,242,585.625602
152.191944,212,586.276453
-28.376112,225,586.644005
91.159231,181,587.242035
159.663197,201,587.571845
349.014987,335,588.517334
104.859175,176,588.802277
193.407418,211,589.142545
173.241583,189,589.76183
153.133612,171,590.043605
173.110349,323,590.878327
103.499832,210,591.222368
138.989658,205,591.859718
-9.351121,247,592.2655
-15.555373,157,592.519267
103.592903,173,593.114903
143.042654,206,593.455503
133.012433,211,593.807879
70.701228,178,594.406445
13.674471,122,594.6098
-34.12966,147,594.851885
-14.559794,433,595.867608
134.141089,228,596.583806
71.905659,152,596.83203
110.481266,171,597.108732
79.526046,201,597.733978
161.104659,216,598.090685
138.723395,185,598.390448
30.436509,122,598.931866
194.474295,227,599.304009
64.799286,179,599.604199
74.310546,156,600.163534
1.542227,239,600.552293
95.062584,150,601.103097
108.122646,186,601.417605
149.189035,177,601.715629
81.939904,163,602.492958
159.163637,181,602.789006
95.543223,171,603.068284
152.825217,214,603.734198
101.410629,174,604.018807
50.656837,133,604.237542
68.692521,139,604.768225
117.062196,167,606.149735
176.351893,228,606.522405
52.243025,120,607.020248
93.684761,173,607.299621
-52.052183,335,608.148435
61.269154,152,608.397784
72.461672,159,608.661375
126.0856,173,608.942448
212.68555,203,609.577144
101.686907,146,609.812324
207.463987,210,610.473963
91.667906,168,610.761485
32.42985,123,610.961329
-105.868202,211,611.613769
-57.244547,185,611.924572
21.85942,122,612.123488
28.977599,114,612.312406
-32.308129,159,612.875389
3.927745,134,613.092454
50.420851,196,613.409379
133.585679,153,613.96915
81.867176,128,614.183398
-2.71148,110,614.362535
107.22154,147,614.606989
29.970699,135,615.135173
130.085933,191,615.446934
212.696061,214,615.796625
79.669538,148,616.341779
121.725767,160,616.601732
100.390866,183,616.900429
225.992782,215,617.551615
109.011053,183,617.847631
90.740356,179,618.440572
98.014647,155,618.700643
110.090506,174,618.986253
-6.985905,123,619.186746
135.259904,202,619.833063
50.777465,164,620.10105
79.408923,153,620.350673
70.656097,149,620.875967
123.430244,162,621.144057
7.009717,196,621.463265
167.7145,184,622.069976
-63.252652,109,622.261215
72.404789,149,622.50387
142.479251,160,623.049211
101.964277,171,623.328397
66.277198,128,623.551111
-12.698304,139,623.775071
156.925229,226,624.423933
10.670506,120,624.626966
147.516796,177,624.915362
-49.684806,123,625.392507
3.030059,194,625.71638
104.912031,159,625.973326
63.232238,168,626.526787
372.161151,331,627.068739
145.176327,183,627.669688
13.310117,106,627.840523
71.770056,153,628.092261
25.587264,104,628.800462
69.433798,168,629.374107
118.987932,178,629.673379
55.18241,151,629.920719
36.82936,122,630.420241
140.735494,185,630.723007
145.236354,175,631.009918
125.811335,165,631.559099
143.452229,169,631.835777
195.491617,224,632.201532
192.161846,190,632.788005
85.433793,129,633.001205
174.09529,170,633.279157
80.535043,151,633.810639
269.825284,251,634.219419
66.655627,140,634.445123
-29.240523,99,634.910681
270.044091,202,635.236491
60.144768,155,635.492364
239.226202,215,636.155353
95.278186,177,636.443111
282.721148,216,637.101647
18.630796,138,637.324882
64.703597,129,637.541216
67.452849,126,637.746609
113.725746,169,638.320321
128.845436,155,638.58233
114.780348,148,638.822939
52.880777,145,639.364057
63.574865,143,639.60449
232.994901,217,639.958787
93.207689,151,640.510029
154.436679,174,640.796722
260.853254,231,641.173684
98.190623,175,641.759858
-10.576459,174,642.044347
96.244192,154,642.298149
127.350105,186,642.90307
106.985993,148,643.166956
104.722267,136,643.418191
122.882146,172,644.084446
49.631725,112,644.287771
155.180069,194,644.611477
-8.171415,103,644.777388
92.45637,288,645.547749
89.919437,170,645.825106
86.021388,131,646.040452
63.907017,119,646.540817
33.492562,169,646.815433
-60.942622,116,647.005488
100.587635,139,647.536835
132.332491,176,647.826311
244.252003,262,648.255992
106.731972,135,648.799066
71.790424,137,649.020386
188.95211,198,649.343821
-43.133942,82,649.475866
150.006012,178,650.067659
162.345545,198,650.389946
156.666749,193,651.00858
156.481414,186,652.815043
100.853902,149,653.055926
115.83379,166,653.614379
208.196113,224,653.981982
130.287798,174,654.265436
168.277123,222,654.937127
137.456739,195,655.253141
9.633382,116,655.444424
86.666257,296,656.234052
112.932019,180,656.530409
19.528473,147,657.07202
205.388303,319,657.595041
88.077542,168,658.173409
109.03263,140,658.400657
81.364605,176,658.699613
77.691307,143,658.942473
49.853987,125,659.457229
50.145365,163,659.726612
16.899566,118,659.926996
101.004589,188,660.543786
131.974277,174,660.825481
116.367792,211,661.172611
381.706633,389,662.105293
293.857949,317,662.928124
266.155097,283,663.392436
-9.593011,145,663.941334
206.811272,269,664.384051
91.032327,155,664.642522
60.16356,266,665.384902
111.512401,235,665.765257
246.107716,218,666.421543
20.840006,207,666.756763
145.137058,207,667.394999
128.274129,193,667.714764
127.077222,238,668.100721
79.619626,140,668.639792
204.015004,213,668.983543
53.327266,131,669.192994
63.875692,127,669.705033
134.338859,219,670.05971
133.039384,189,670.366451
-46.583374,175,670.951091
129.239594,201,671.27709
166.138211,206,671.916161
129.313801,175,672.20064
330.661556,286,672.670534
28.645025,104,673.146601
109.89721,162,673.404794
23.960063,143,673.646173
-10.099621,168,674.219084
125.422996,183,674.518145
154.957742,208,675.982207
8.380467,118,676.478796
218.726789,232,676.85453
127.765679,201,677.181889
234.362765,210,677.808841
248.680418,246,678.208754
59.428809,191,678.801718
299.116306,280,679.256017
63.355714,397,680.180994
175.791411,216,680.533233
87.234826,170,681.089441
161.09328,261,681.516191
181.331381,276,682.241277
207.336577,326,682.772291
-108.050097,288,683.535469
162.913604,188,683.83916
180.030274,238,684.509627
123.458022,180,684.800493
253.487739,274,685.524435
402.268668,396,686.448811
143.496999,300,686.93827
159.8683,285,687.706382
212.620235,286,688.170454
93.836724,293,688.930879
340.903015,259,689.351258
185.089843,210,689.976922
242.038638,241,690.378405
138.317243,254,691.067348
172.931602,222,691.427431
-206.802626,272,692.180894
251.448784,266,692.653652
105.586007,229,693.339656
42.328218,139,693.574578
322.058207,341,694.43368
115.918908,170,694.714054
160.918629,311,695.525064
0.082217,139,695.748826
150.11142,176,696.034564
91.010871,152,696.280605
206.223641,236,696.962847
93.286815,214,697.308376
81.676231,195,697.936333
78.330863,184,699.845057
282.666218,267,700.575574
206.287737,224,700.936573
173.674911,222,701.296147
-37.556726,186,701.911288
185.498138,197,702.232935
271.837963,285,702.999499
165.831206,219,703.357876
33.179484,167,703.638155
184.661626,277,704.391091
279.718258,296,705.179137
269.820509,250,705.580272
99.048327,153,705.824598
125.38987,201,706.450475
148.842371,204,706.780623
215.691313,206,707.417799
166.767095,217,707.768129
174.659942,220,708.124429
146.491025,182,708.736556
164.272334,202,709.065025
165.538166,176,709.653785
93.804579,156,709.904494
39.159462,191,710.214222
76.675919,136,710.436435
156.929453,188,711.045211
141.696206,180,711.335351
154.801309,196,711.932399
179.234205,180,712.223153
97.61803,147,712.462233
133.480451,183,713.061419
99.246704,140,713.287229
104.79028,156,713.552423
60.67068,176,713.836833
-64.481337,142,714.377015
155.602068,186,714.683134
122.452457,150,714.925105
186.781033,207,715.56848
101.278809,154,715.815629
196.733297,217,716.474637
191.813017,193,716.785232
136.785802,195,717.09807
72.773207,136,717.62538
111.433333,153,717.872213
72.217571,155,718.127953
149.601192,169,718.71372
94.643059,174,718.993157
218.249941,210,719.331306
105.010536,183,719.933082
163.073582,185,720.232861
75.218282,151,720.476364
148.992329,169,721.048883
35.553784,120,721.241683
63.444866,187,721.541996
113.727629,146,722.440774
142.30647,193,723.0656
197.771116,220,723.421359
211.29582,214,724.087624
65.170756,148,724.325456
55.024511,133,724.545359
72.065126,158,725.102751
9.134005,121,725.297803
47.087953,158,725.553569
-34.627212,129,725.762738
86.760194,130,726.273775
125.330581,173,726.553939
134.352789,190,726.864758
59.818406,177,727.47232
281.176355,254,727.88923
77.789054,137,728.110889
53.506239,113,728.61044
-39.895914,102,728.774158
96.40421,145,729.007656
127.679188,165,729.273507
169.025342,157,729.833793
43.738052,138,730.055268
187.626692,173,730.339644
307.262657,240,731.029852
73.148252,140,731.255211
57.614839,132,731.471035
163.998792,170,732.051907
81.334862,128,732.260909
55.751258,129,732.470416
136.663664,165,733.05472
127.732315,182,733.346627
141.486293,164,733.622341
189.974811,220,734.279385
88.750721,165,734.553613
100.535986,178,734.84007
109.735553,240,735.532737
146.650096,165,735.800017
56.884598,162,736.06256
174.627146,232,736.741741
-46.414801,163,737.004584
188.572108,180,737.60907
115.368289,148,737.84643
216.952878,189,738.152805
115.969502,149,738.396455
203.412881,183,739.005536
140.977203,163,739.271095
-79.101164,154,739.521743
202.027838,229,740.201864
71.681464,174,740.485756
88.097165,153,741.036194
62.031762,132,741.248673
40.918795,125,741.45151
145.800824,170,741.724572
109.886727,157,742.279474
142.904734,216,742.627297
159.552858,175,742.907526
132.485965,187,743.534877
330.31732,296,744.016567
78.366515,201,744.650879
-330.29134,227,745.981386
108.646388,223,746.621028
282.562201,269,747.057229
94.99635,214,747.698491
178.827135,191,748.006837
155.352315,212,748.351652
221.457392,259,749.075526
172.315861,217,749.427223
292.571477,286,750.200552
286.820048,242,750.592808
127.543772,195,751.213613
192.270162,239,751.602666
174.784333,193,752.197695
85.268625,202,752.528883
250.30194,238,752.920558
429.373561,395,753.851941
88.297598,160,754.413494
245.112774,238,754.803743
222.666862,225,755.169846
182.443625,235,755.854871
160.451744,287,756.327458
477.690342,501,757.442398
180.344876,301,758.238235
199.633978,242,758.637692
310.109059,266,759.368949
472.478217,414,760.346055
328.946601,346,761.206993
145.944757,287,761.668919
89.898652,272,762.405838
73.744864,674,763.809021
276.471924,373,764.716563
128.84043,342,765.263948
144.16428,217,765.915445
371.547941,297,766.392676
380.527642,376,767.302186
545.60266,1000,772.48146
263.003664,222,772.839616
84.812024,1000,775.090057
666.912309,747,776.899178
355.925719,407,777.854474
252.096897,280,778.306335
101.297311,293,779.090594
413.086048,441,780.109054
229.209268,368,780.703074
-104.124383,371,781.605326
134.218297,223,781.960346
130.56566,321,782.780599
108.699496,368,783.686138
598.531729,602,784.960313
772.646054,828,786.899946
174.044502,179,787.187711
-283.280599,339,788.0465
74.866191,143,788.279413
926.808732,1000,790.522889
278.879545,288,790.986606
237.043103,333,791.829956
69.154926,341,792.68734
325.757448,300,794.464999
416.743508,325,795.298332
259.42184,310,796.097451
293.913468,238,796.478234
194.248476,195,796.79284
651.367578,555,798.286738
153.875083,200,798.615722
148.549213,257,799.028657
316.742856,361,799.920239
295.307125,330,800.754457
91.867322,268,801.184759
527.319285,378,802.091205
318.863473,258,802.806473
298.934585,308,803.304221
250.671088,286,804.080305
148.414951,287,804.552301
-201.549487,249,805.26738
-43.851231,305,805.771786
208.2252,204,806.402203
121.218941,301,806.888223
122.916014,218,807.547361
324.774847,317,808.059354
101.27626,246,808.781478
514.811744,330,809.308859
218.914067,234,809.992476
-126.447766,234,810.373606
18.385378,291,811.15895
218.443254,194,811.467956
285.790527,253,812.175588
217.794208,253,812.583544
90.221531,190,813.189161
309.258143,314,813.703772
361.868092,255,814.412343
148.498482,206,814.752607
236.520642,208,815.392438
300.466392,255,815.803633
165.956415,185,816.10137
213.723554,296,818.074747
290.186804,248,818.775363
345.690745,268,819.20803
365.327279,287,819.976676
188.652009,237,820.361101
193.939082,237,821.04696
255.971403,212,821.384306
12.219243,422,822.370287
12.220243,246,822.764052
92.190465,168,823.332958
409.117985,301,823.826299
-120.95747,489,824.919028
350.780451,295,825.697969
258.287599,211,826.039808
-266.600553,254,826.757562
260.693426,256,827.169039
482.676457,382,828.089212
-63.957357,215,828.435346
398.958027,284,829.206365
126.764014,179,829.494644
365.490407,298,830.297709
327.944779,390,831.234407
-22.678799,180,831.526464
253.108266,226,831.891318
378.893193,347,832.75057
510.649114,444,833.79441
304.757565,251,834.196755
399.361918,332,835.037154
310.007553,322,835.857131
447.087613,349,836.441319
407.105943,295,837.219713
261.164676,210,837.557657
236.677489,235,838.230059
161.978438,187,838.538213
243.501862,201,839.188066
271.213819,253,839.615391
136.79719,174,841.34594
25.281436,127,841.851116
333.371647,267,842.280257
74.112073,207,842.919429
202.741753,219,843.275699
451.904601,292,844.060882
210.02699,282,844.517385
167.496077,231,845.194405
234.462044,274,845.637308
96.13281,277,846.391738
-275.368552,268,846.821933
23.218398,160,847.083217
-5.910484,253,847.794672
20.791454,186,848.101558
319.328402,292,848.889771
342.571268,275,849.329816
249.625087,259,850.052019
356.815884,310,850.873206
356.196813,380,851.484072
236.020034,287,852.250831
556.521154,432,853.239038
508.006898,440,854.262354
-30.680011,1000,856.201113
316.735457,538,857.666775
-547.466497,569,858.906105
310.688268,1000,861.127128
47.407365,235,861.504837
237.492527,225,862.166788
32.417902,167,862.43519
405.073981,364,863.321028
182.462934,1000,869.173922
30.500861,377,870.089608
186.454044,337,870.936485
127.473904,209,871.276152
219.811831,203,871.876247
227.418834,386,872.492633
24.464557,264,873.196349
107.921967,162,873.461076
-138.548139,540,874.624894
25.542557,143,875.131741
438.145498,351,875.696705
338.177982,285,876.461195
283.793215,244,876.851772
260.659129,226,877.519266
253.628831,273,877.96306
98.142507,195,878.594695
315.388633,257,879.009787
2.129956,135,879.225713
347.428333,259,879.953823
253.916988,237,880.335705
-212.483265,395,881.279589
42.659557,119,881.471504
80.799956,306,882.268658
140.501599,263,882.992984
146.508574,170,883.268635
64.060552,227,883.645094
398.556367,300,884.432061
215.600517,294,884.910707
203.27205,217,885.563797
105.665157,149,885.804064
65.914525,307,886.580922
8.485197,122,886.778311
350.87539,297,887.535802
111.423371,165,887.804164
92.840728,176,888.087226
191.259598,202,888.696743
121.653748,228,889.064796
219.583259,184,890.676522
-55.693988,85,891.104969
299.700641,242,891.499262
63.806083,143,891.730017
264.881132,233,892.411386
253.408425,239,892.79765
181.776599,220,893.431982
211.494972,231,893.814643
229.492076,166,894.362154
345.149446,282,894.825209
224.833496,223,895.47219
319.912324,226,895.837825
-50.367143,181,896.136661
234.267345,200,896.757019
236.828755,248,897.156219
293.658372,286,897.918257
-15.42475,106,898.091481
-17.46028,226,898.459386
225.430436,238,899.152787
115.028526,189,899.457658
301.82175,250,900.150488
212.864831,264,900.574703
275.234134,241,901.269787
134.221172,184,901.57019
302.383412,263,902.296627
262.462909,208,902.632654
211.244895,260,903.051191
93.655854,159,903.625478
307.032198,240,904.013428
99.528375,153,904.554311
290.456892,219,904.910306
237.023131,217,905.265923
129.184536,299,906.02862
304.142828,321,906.85094
37.012047,173,907.132172
-104.924785,279,907.586619
197.610363,199,908.215795
341.301445,279,908.675558
187.644118,249,909.378713
119.089948,226,909.742833
431.91839,425,910.722784
175.268822,178,911.308624
244.942642,227,911.681087
165.322385,224,912.044447
-330.355593,364,914.2281
181.543906,189,914.533942
42.54402,352,915.425148
135.254946,246,916.131325
-44.146037,146,916.368982
-192.659133,232,916.746721
279.363599,226,917.409613
-360.023723,624,918.73422
270.425589,241,919.424942
130.45488,229,919.803179
276.546352,269,920.54279
171.506419,203,920.871049
339.848704,294,921.342531
-214.273435,353,922.189854
284.02031,245,922.860396
243.045807,275,923.302292
93.717946,238,923.974495
282.293822,262,924.398709
282.012592,277,925.129912
-174.914421,380,925.747207
-219.27475,360,926.615786
386.914564,382,927.506467
194.235843,239,927.894432
619.298078,417,928.846779
70.003678,383,929.751642
118.057344,194,930.063658
66.274368,307,930.834787
114.820573,166,931.104225
355.659128,269,931.817286
232.967053,347,932.379167
194.887377,274,933.09766
272.293228,277,933.829716
180.705449,203,934.154981
415.735791,470,935.191207
230.939571,201,935.514602
476.285844,462,937.339429
222.072749,222,937.973221
652.935547,488,938.775032
509.492145,424,939.76248
308.758331,260,940.487875
55.941842,150,940.727401
72.200186,158,940.979605
221.581673,268,941.71455
141.814892,190,942.020676
189.369183,189,942.627043
57.655837,168,942.894897
308.076421,279,943.65587
126.744831,156,943.905161
-15.633923,133,944.117493
45.417991,165,944.381621
22.409369,316,945.197593
218.251809,210,945.536124
112.475645,243,946.232638
303.892551,269,946.665751
341.622424,344,947.541846
-70.822575,105,947.719375
32.622998,108,948.198595
58.274441,150,948.441343
47.52567,324,949.272881
-84.452687,146,949.511492
308.914815,229,949.884444
-169.008239,239,950.574233
311.886577,440,951.583002
238.747812,219,951.933758
279.105732,213,952.276074
446.995983,353,953.147181
348.708205,284,953.919172
439.508367,353,954.489022
301.692077,263,955.22305
105.614111,174,955.504855
381.713086,322,956.323594
205.41283,225,956.689221
157.723568,223,957.350157
90.704821,258,957.768633
444.223406,315,959.315058
409.59416,310,959.822047
-368.140876,356,960.702762
82.700836,204,961.340962
268.650729,238,961.72696
-121.276452,435,962.734799
-411.911119,375,963.661247
199.612074,272,964.101883
156.672439,305,964.90046
309.302747,269,965.330532
347.805162,312,966.137714
49.003667,267,966.569525
373.611741,485,967.657898
115.116373,236,968.34735
-58.769878,431,969.35756
-11.822959,108,969.53288
-17.68169,481,970.620716
-147.796082,278,971.074628
271.168683,309,971.879853
217.190315,193,972.189802
-48.656013,289,972.967348
386.487905,263,973.389922
652.424968,481,974.46868
228.51266,217,975.128923
186.194299,351,975.705597
163.972952,248,976.380281
250.731416,286,976.83994
55.174075,251,977.522868
511.492565,346,978.388317
48.743097,136,978.615575
120.26339,241,979.004678
341.907835,300,979.769572
-64.870295,252,980.176841
6.089829,122,980.648922
597.245398,343,982.553111
-93.213342,116,983.016402
44.465659,259,983.435067
-124.57958,289,984.195496
-86.012491,289,984.668907
344.771279,301,985.44369
258.737486,313,985.954081
336.120516,225,986.595933
274.964226,275,987.039968
169.798823,158,987.574765
-83.310508,279,988.025821
283.998259,263,988.738652
322.182101,217,989.086452
255.107805,272,989.809138
158.971738,180,990.10305
-73.516841,243,990.783487
136.46442,161,991.040908
204.31334,214,991.387934
385.202388,295,992.148298
288.537028,215,992.512234
185.362118,196,993.108313
206.981266,184,993.404215
79.261815,149,993.654868
200.623719,329,994.458479
221.282123,230,994.83446
56.912931,245,995.509604
289.373316,274,995.947585
193.585904,217,996.575119
47.721475,373,997.454713
380.579839,278,997.904772
422.484735,286,998.682104
289.851497,227,999.04657
261.820333,217,999.395772
181.967195,198,1000.01976
135.376894,183,1000.316877
152.480412,147,1000.855463
139.709122,160,1001.113919
438.457606,281,1001.568267
277.005831,265,1002.320853
215.246597,277,1002.77071
122.479666,185,1003.376871
85.159635,234,1003.769458
151.7671,208,1004.410906
-71.612584,131,1005.40551
90.670214,187,1005.708549
381.471295,291,1006.463032
214.742953,239,1006.848422
124.861444,190,1007.43394
458.007054,271,1007.87317
283.748059,218,1008.507608
-1.376415,252,1008.920218
25.504666,128,1009.127699
232.405404,220,1009.769269
-348.058416,269,1010.211911
201.756693,237,1010.898191
84.913982,192,1011.209454
134.298244,151,1011.454664
242.221708,230,1012.11123
362.797503,339,1012.972397
142.643499,318,1013.495028
310.230028,268,1014.247239
176.90512,201,1014.58053
100.8856,156,1014.834784
170.548763,216,1015.488464
-52.857295,186,1015.791319
44.252659,214,1016.442856
341.458409,299,1016.928018
249.131348,204,1017.571888
177.552205,163,1017.834258
123.186704,187,1018.138146
121.507222,199,1018.766737
59.778081,123,1018.969313
202.328166,231,1019.348658
351.809215,311,1020.154533
164.853724,227,1020.525609
59.185366,208,1021.142459
280.871566,282,1021.597946
374.016043,253,1022.287542
337.964276,308,1022.798753
276.902649,255,1023.497131
331.746117,234,1023.887226
141.777784,179,1024.45012
264.219452,304,1024.94805
79.895858,180,1025.525031
-44.313127,304,1026.021062
16.304792,126,1026.505035
215.445558,256,1026.923895
180.006459,348,1028.822925
175.488364,194,1029.138416
380.669261,290,1029.911695
-22.494434,138,1030.140082
315.126661,262,1030.564708
-152.763698,306,1031.334033
326.336487,254,1032.028632
260.977401,265,1032.457597
198.807946,248,1033.135189
18.325149,120,1033.328991
355.100137,300,1033.823117
89.21416,140,1034.325217
-339.792866,497,1035.451076
252.341353,277,1035.904005
38.503905,342,1036.772953
265.55966,225,1037.133363
240.417241,248,1037.840413
169.879548,183,1038.139366
183.006382,197,1038.776371
137.355839,224,1039.138557
169.810717,209,1039.476327
224.757796,192,1040.103541
331.74403,209,1040.437566
183.525344,211,1041.089477
279.57901,245,1041.489405
186.272722,203,1041.817979
311.705749,258,1042.542045
62.878796,250,1042.950438
188.574902,197,1043.575477
72.496489,206,1043.912173
179.85683,295,1044.701101
239.717585,198,1045.02181
242.708702,202,1045.651525
301.987279,320,1046.17812
-80.508281,230,1046.865013
152.754301,229,1047.238389
37.230612,123,1047.442368
108.419667,231,1048.138048
297.12095,252,1048.549997
302.186594,235,1049.236202
290.260862,226,1049.611055
59.786192,153,1049.865549
25.78448,123,1050.371141
334.087539,328,1051.845536
323.386295,301,1052.621398
207.685156,493,1053.727498
-60.328745,256,1054.149076
23.167133,214,1054.7845
-131.191472,291,1055.25771
507.571186,290,1056.014732
101.278282,205,1056.347014
-112.42453,275,1057.070848
305.737821,229,1057.441561
254.135778,235,1058.102803
-297.240051,298,1058.608733
211.235256,196,1059.21167
36.420117,467,1060.267217
-45.928311,290,1060.742606
114.404898,212,1061.368854
233.797618,189,1061.680484
137.587072,212,1062.025696
-71.003387,288,1062.777364
29.262677,147,1063.020366
165.914596,239,1063.695552
184.17468,190,1064.007679
362.118285,1000,1066.29401
-77.391837,275,1067.058617
-282.794503,324,1067.590051
171.405624,245,1068.297726
137.47498,306,1068.808231
117.169188,167,1069.379915
281.8492,185,1069.684832
-495.599961,500,1070.821616
-150.690331,160,1071.085846
437.952113,351,1071.972725
-38.861508,290,1072.757833
82.601855,244,1073.162028
15.59751,160,1073.426471
234.94699,196,1075.35297
170.174494,197,1075.676979
111.519723,170,1075.959554
149.827219,217,1076.622251
62.314979,128,1076.8332
311.034593,244,1077.541384
306.466047,261,1077.973409
147.264147,208,1078.630734
35.189013,235,1079.019138
163.84024,233,1079.399951
34.880513,495,1080.512154
164.404066,200,1081.142796
57.161891,190,1081.458188
280.363435,227,1082.134117
-25.119017,203,1082.472588
183.448488,195,1082.79733
145.382047,207,1083.446792
214.284638,226,1083.830292
154.012346,191,1084.442317
211.138494,250,1084.858696
90.519264,153,1085.108506
235.771963,347,1085.97687
332.876033,338,1086.841447
191.762991,188,1087.149602
133.211621,208,1087.79013
286.239347,241,1088.183716
156.089367,314,1089.020846
224.386568,227,1089.389677
115.059266,229,1089.772684
-458.422501,497,1090.906615
90.404591,159,1091.471924
109.769625,175,1091.759048
-12.710887,93,1091.914085
81.115629,134,1092.442061
220.42889,196,1092.762401
144.038456,170,1093.041508
-291.519568,206,1093.692493
-132.343254,180,1093.991373
106.296549,146,1094.230069
-10.501514,94,1094.384312
272.79364,216,1095.058316
126.429646,152,1095.306328
130.782197,169,1095.888565
117.145116,159,1096.155962
174.709362,171,1096.442567
-18.454782,125,1096.662622
193.490376,165,1097.239153
54.59373,134,1098.108549
-71.587625,107,1098.284947
92.819915,171,1098.872861
192.907138,185,1099.176956
141.929772,181,1099.470875
-0.199236,165,1100.052081
-113.478283,158,1100.311941
334.616169,218,1100.669948
255.790692,213,1101.327708
160.878909,204,1101.662632
-47.895477,147,1101.909694
240.633984,208,1102.601312
5.653107,137,1102.827845
265.393682,214,1103.487864
263.138705,247,1103.901598
202.088368,198,1104.224832
-145.380749,165,1104.808906
63.190325,165,1105.082686
273.196292,262,1105.829849
42.880363,139,1106.059697
223.288472,219,1106.422287
33.668387,293,1107.210696
235.113725,182,1107.509752
175.953241,178,1108.112932
-20.708773,98,1108.280737
109.855399,155,1108.546184
52.42123,201,1108.880199
76.438622,143,1109.417484
355.501541,318,1109.950072
55.61817,180,1110.550794
213.993731,348,1111.120882
34.185065,151,1111.683735
233.407795,195,1112.006282
176.486101,232,1112.390649
-6.120706,206,1113.037424
-21.950095,192,1113.354815
287.829444,229,1114.047682
228.883583,224,1114.41911
129.983799,171,1114.710096
-134.732989,161,1115.278083
125.258979,157,1115.538743
7.490294,219,1116.205241
201.532632,292,1116.686919
-10.827755,312,1117.509825
215.462191,246,1117.918931
152.193468,158,1118.183973
-75.489848,323,1119.045918
280.386723,242,1119.753178
181.493579,193,1120.072809
171.432163,201,1120.403559
-0.111548,143,1122.48511
197.31686,269,1122.926755
198.172623,258,1123.679029
158.635044,147,1123.927942
304.365187,370,1124.852813
-186.958899,147,1125.103647
-75.515213,138,1125.332781
180.378095,170,1125.915558
-17.0173,213,1126.271539
63.856349,196,1126.599164
31.305628,166,1127.175252
105.126143,177,1127.468171
43.356401,107,1127.646963
164.360354,151,1128.203835
120.910504,165,1128.478932
146.418476,199,1128.813028
214.38562,228,1129.490911
172.899484,159,1129.765186
109.380958,180,1130.06603
83.319052,212,1130.723122
109.275427,169,1131.003718
107.803305,179,1131.299575
103.666681,198,1131.942656
21.655853,300,1132.440942
89.162598,177,1133.041309
84.124513,202,1133.376112
141.579948,215,1134.04669
12.731878,181,1134.344953
42.596111,178,1134.648613
6.820636,257,1135.38119
217.336019,194,1135.706232
241.040216,226,1136.387902
43.93627,130,1136.608317
51.560993,167,1136.885586
42.777465,109,1137.06682
-90.771688,217,1137.733596
34.433689,104,1137.906561
148.28158,155,1138.16394
-105.777092,131,1138.694882
90.858482,138,1138.925597
319.194909,272,1139.381431
206.012949,181,1139.986599
191.235327,187,1140.300204
60.379247,185,1140.605345
100.672775,149,1141.153147
110.855368,176,1141.449434
-61.444183,145,1141.687795
214.593599,239,1142.383645
32.65981,113,1142.573099
190.030198,192,1142.896791
78.907346,142,1143.440522
108.518519,151,1143.700615
72.647579,199,1144.032866
101.05676,152,1144.603791
159.907519,179,1145.693208
163.592842,195,1146.019019
141.488381,134,1146.551164
110.166294,176,1146.843277
132.636972,161,1147.11175
72.305299,170,1147.695635
176.255305,192,1148.015585
140.179178,180,1148.31217
177.646697,197,1148.967321
133.820724,185,1149.272432
133.340677,190,1149.896553
77.379702,150,1150.152591
107.138121,148,1150.397011
118.48452,252,1151.117789
98.818171,131,1151.341984
198.090506,204,1151.68303
76.840534,152,1152.256006
0.411049,97,1152.418602
273.529768,237,1152.810219
250.206519,248,1153.529484
113.949807,161,1153.800597
81.777564,136,1154.027892
112.950698,166,1154.612955
197.487585,165,1154.891383
-5.27617,112,1155.078328
141.711994,166,1155.349389
199.089828,195,1155.974837
-37.297942,219,1156.341943
99.972362,147,1156.898046
129.950282,144,1157.14099
-63.936695,116,1157.341593
127.65307,149,1157.58969
135.621901,159,1158.18229
144.455581,181,1158.508665
82.700493,126,1158.74678
152.061687,148,1159.270465
111.122358,134,1159.378812
31.956165,109,1159.465632
305.23361,268,1159.835834
44.21466,166,1159.968816
55.639088,130,1160.079648
38.790309,117,1160.172548
135.174937,171,1160.472122
69.758858,113,1160.563764
-43.708754,102,1160.64399
104.930684,145,1160.757577
41.671318,120,1161.019408
17.429354,144,1161.133178
182.598437,206,1161.296883
103.689995,156,1161.585205
134.540586,150,1161.70376
98.976532,197,1161.856987
104.02546,156,1162.147006
146.461922,165,1162.278391
-17.939433,93,1162.353185
138.666293,173,1162.490231
102.995558,146,1162.755939
90.920037,161,1162.882655
188.284112,162,1163.011849
169.807241,172,1163.303662
-19.78162,109,1163.390247
94.431202,135,1163.49768
53.303515,190,1163.802642
147.762857,130,1164.177233
107.216479,140,1164.293942
119.307605,169,1164.429648
29.146979,112,1164.671508
33.071818,123,1164.768377
52.629468,151,1164.889143
91.149098,153,1165.011495
71.616652,139,1165.274518
-61.165065,93,1165.349358
237.125846,179,1165.491518
127.392237,151,1165.76558
177.8938,172,1165.900959
29.341249,116,1165.992524
100.01805,188,1166.142492
180.335343,192,1166.447219
49.112937,147,1166.563435
346.58015,280,1166.950348
59.811945,140,1167.060777
-55.42737,126,1167.160914
131.544983,174,1167.449955
175.376551,186,1167.596934
188.699961,259,1167.803183
130.695276,143,1168.048723
45.105073,137,1168.158099
166.350566,174,1168.296448
88.187785,151,1168.549387
101.588962,136,1168.657947
44.911089,126,1168.758684
151.845626,159,1168.886222
115.396967,126,1169.115611
154.978868,198,1169.271735
11.809737,110,1169.360114
93.024842,145,1169.604449
109.836955,181,1169.748195
81.469555,126,1169.851658
232.727892,187,1170.130391
71.752626,191,1170.28322
81.283919,143,1170.395355
172.054638,155,1170.517357
158.020494,177,1170.789756
131.398638,161,1170.918262
145.596224,168,1171.051939
116.889922,149,1171.302123
-58.682599,93,1171.375878
-14.642381,112,1171.464881
140.517509,146,1171.580498
121.897444,148,1171.82856
260.938326,254,1172.027545
76.573777,139,1172.138335
33.302085,127,1172.384626
229.30148,178,1172.526961
242.775391,216,1172.699538
133.047885,145,1172.966661
66.220673,172,1173.103754
259.123974,194,1173.25817
305.283343,220,1173.607742
135.885106,161,1173.736973
74.605932,140,1174.021767
26.360778,133,1174.126818
115.682819,145,1174.242926
58.689083,125,1174.341749
98.605837,184,1174.652096
19.435098,196,1174.806221
173.60189,163,1175.329272
