run_name,registered_at,device,final_timesteps,eval_freq,n_eval_episodes,best_mean_reward,last_mean_reward,best_model,final_model,view_best_command
treino_cuda_5m,2026-09-13T23:03:25.351430+00:00,cuda,2500000,50000,5,294.698553,179.390428,reinforcement_learning/melhores_modelos/treino_cuda_5m/best_model.zip,reinforcement_learning/melhores_modelos/treino_cuda_5m/final_model.zip,python reinforcement_learning/ver_modelo_atom.py --modelo reinforcement_learning/melhores_modelos/treino_cuda_5m/best_model.zip
treino_reward_estavel_5m,2026-09-14T00:38:15.643028+00:00,cuda,5000000,50000,5,645.619586,-245.97442300000003,reinforcement_learning/melhores_modelos/treino_reward_estavel_5m/best_model.zip,reinforcement_learning/melhores_modelos/treino_reward_estavel_5m/final_model.zip,python reinforcement_learning/ver_modelo_atom.py --modelo reinforcement_learning/melhores_modelos/treino_reward_estavel_5m/best_model.zip
treino_reward_estavel_30m,2026-09-14T10:40:39.176674+00:00,cuda,30000000,150000,5,339.867411,-111.64791499999998,reinforcement_learning/melhores_modelos/treino_reward_estavel_30m/best_model.zip,reinforcement_learning/melhores_modelos/treino_reward_estavel_30m/final_model.zip,python reinforcement_learning/ver_modelo_atom.py --modelo reinforcement_learning/melhores_modelos/treino_reward_estavel_30m/best_model.zip
treino_perna_a_perna_v1,2026-09-14T12:54:15.317480+00:00,cuda,2000000,50000,5,620.723688,-45.970785,reinforcement_learning/melhores_modelos/treino_perna_a_perna_v1/best_model.zip,reinforcement_learning/melhores_modelos/treino_perna_a_perna_v1/final_model.zip,python reinforcement_learning/ver_modelo_atom.py --modelo reinforcement_learning/melhores_modelos/treino_perna_a_perna_v1/best_model.zip
treino_joelho_fluido_v1,2026-09-14T13:31:57.288642+00:00,cuda,2000000,50000,5,826.853651,-152.628666,reinforcement_learning/melhores_modelos/treino_joelho_fluido_v1/best_model.zip,reinforcement_learning/melhores_modelos/treino_joelho_fluido_v1/final_model.zip,python reinforcement_learning/ver_modelo_atom.py --modelo reinforcement_learning/melhores_modelos/treino_joelho_fluido_v1/best_model.zip
treino_joelho_obrigatorio_v2,2026-09-14T13:50:52.218076+00:00,cuda,1000000,50000,5,498.56461500000006,-22.718065,reinforcement_learning/melhores_modelos/treino_joelho_obrigatorio_v2/best_model.zip,reinforcement_learning/melhores_modelos/treino_joelho_obrigatorio_v2/final_model.zip,python reinforcement_learning/ver_modelo_atom.py --modelo reinforcement_learning/melhores_modelos/treino_joelho_obrigatorio_v2/best_model.zip
treino_marcha_menos_dura_v1_parcial_2m,2026-09-14T14:35:41.519747+00:00,cuda,3000000,50000,5,348.484702,127.760293,reinforcement_learning/melhores_modelos/treino_marcha_menos_dura_v1_parcial_2m/best_model.zip,,python reinforcement_learning/ver_modelo_atom.py --modelo reinforcement_learning/melhores_modelos/treino_marcha_menos_dura_v1_parcial_2m/best_model.zip
treino_caminhada_sem_base_v1,2026-09-14T17:13:55.519863+00:00,cuda,3000000,50000,5,190.482498,-635.68045,reinforcement_learning/melhores_modelos/treino_caminhada_sem_base_v1/best_model.zip,reinforcement_learning/melhores_modelos/treino_caminhada_sem_base_v1/final_model.zip,python reinforcement_learning/ver_modelo_atom.py --modelo reinforcement_learning/melhores_modelos/treino_caminhada_sem_base_v1/best_model.zip
treino_caminhada_passo_largo_v1,2026-09-14T21:56:41.696195+00:00,cuda,3000000,50000,5,256.415618,-418.992803,reinforcement_learning/melhores_modelos/treino_caminhada_passo_largo_v1/best_model.zip,reinforcement_learning/melhores_modelos/treino_caminhada_passo_largo_v1/final_model.zip,python reinforcement_learning/ver_modelo_atom.py --modelo reinforcement_learning/melhores_modelos/treino_caminhada_passo_largo_v1/best_model.zip
