#{"t_start": 1789398634.679438, "env_id": "Atom-v1"}
r,l,t
-570.553568,82,2.878988
-556.695041,95,2.951348
-562.529862,81,3.013126
-566.377048,101,3.09046
-551.514723,113,3.176368
-563.605311,107,3.357587
-530.158553,95,3.429842
-576.881301,85,3.495405
-556.106528,85,3.560591
-575.124229,111,3.645294
-553.810888,85,3.805234
-545.106033,90,3.873667
-520.84374,84,3.939639
-530.015464,93,4.009818
-544.350689,91,4.079324
-543.886125,94,4.152544
-559.304219,87,4.314516
-557.661714,107,4.397636
-541.817022,102,4.476629
-596.039666,85,4.542565
-555.525551,89,4.611773
-568.932502,84,4.677714
-524.689044,86,4.850874
-542.174571,90,4.920785
-538.996893,75,4.980153
-532.970245,86,5.045585
-562.418694,93,5.117373
-563.857498,82,5.181824
-531.774637,72,5.33009
-553.390661,91,5.40571
-549.852942,115,5.496475
-558.367764,102,5.575711
-544.640078,87,5.644255
-558.635312,111,5.822396
-575.0712,142,5.931226
-548.805543,92,6.001866
-538.188975,88,6.06937
-539.053284,92,6.139854
-535.82092,133,6.337731
-564.171723,74,6.396524
-560.482375,94,6.468845
-538.351335,114,6.55542
-557.983159,96,6.629074
-564.792475,86,6.786486
-515.426968,87,6.8544
-516.509928,152,6.98392
-565.422714,83,7.047614
-567.666582,97,7.122244
-555.265707,99,7.396286
-551.018656,93,7.46793
-551.414183,102,7.546343
-522.183769,73,7.602119
-560.616081,112,7.686507
-560.762342,88,7.923909
-538.726636,87,7.991576
-574.929034,102,8.069584
-562.706942,80,8.131357
-551.664804,102,8.210697
-540.770233,88,8.278489
-568.575554,103,8.579898
-579.663194,130,8.679001
-534.230299,149,8.794008
-534.193255,98,8.868468
-528.331383,111,9.149347
-565.540617,123,9.244258
-571.659008,91,9.315964
-523.886585,89,9.386513
-573.461656,91,9.457012
-538.684329,120,9.643149
-548.030661,93,9.717061
-559.68842,87,9.787755
-586.206384,108,9.871594
-546.830563,86,9.940404
-531.416619,101,10.23851
-545.34832,146,10.357895
-558.383674,124,10.456151
-550.578733,97,10.543915
-568.208821,103,10.623882
-567.941479,106,10.920089
-544.328534,116,11.01275
-546.651916,108,11.095781
-531.691263,101,11.178737
-569.312714,105,11.258519
-546.643753,97,11.478967
-560.200206,105,11.575397
-522.1308,106,11.666783
-547.811338,107,11.758639
-572.142928,157,12.023015
-523.6464,118,12.12357
-568.35675,95,12.203536
-501.886384,95,12.282521
-541.492591,80,12.348774
-549.34486,110,12.66026
-609.864825,113,12.758023
-562.828897,110,12.853038
-550.295955,155,12.98539
-548.553895,119,13.259186
-545.302292,99,13.347167
-546.866797,93,13.42959
-514.439785,99,13.514925
-510.056408,248,13.952588
-560.395839,104,14.039084
-579.537803,96,14.119919
-563.879215,130,14.226919
-579.408357,111,14.31986
-546.987721,120,14.619095
-545.853937,101,14.703358
-546.067714,107,14.792616
-549.726421,166,14.933288
-538.62563,185,15.297136
-542.928737,92,15.372298
-546.410719,86,15.442045
-535.467804,129,15.547571
-541.797893,114,15.863906
-550.054136,137,15.978182
-526.950457,149,16.103647
-517.722442,105,16.190824
-533.809535,108,16.477086
-535.217529,161,16.609207
-562.516225,115,16.705721
-547.815417,84,16.776195
-587.337059,110,16.868587
-528.705919,92,17.043506
-515.448415,131,17.152882
-538.1069,116,17.249799
-555.539239,106,17.344337
-545.660099,115,17.53504
-540.193802,115,17.63129
-534.577065,97,17.710635
-556.45193,108,17.798463
-572.990751,125,17.901037
-549.218526,176,18.141262
-577.140743,106,18.232762
-557.80345,86,18.305086
-529.617837,122,18.407065
-546.491469,125,18.608606
-536.440983,78,18.674488
-555.428129,101,18.761065
-522.892251,132,18.870397
-570.626064,346,19.259648
-540.797723,224,19.446583
-572.241227,125,19.647288
-508.877197,132,19.760563
-540.158969,155,19.88901
-557.147962,86,19.959075
-552.914994,117,20.152434
-518.405155,134,20.264114
-527.777386,93,20.342826
-575.575171,101,20.427413
-533.76527,175,20.667454
-533.054493,134,20.78502
-532.578123,122,20.887372
-545.277112,120,20.985964
-549.930984,178,21.22809
-535.392806,92,21.303893
-497.60826,155,21.429316
-567.220213,96,21.507623
-514.617301,232,21.802795
-519.274295,141,21.92169
-543.501677,99,22.00342
-557.409645,98,22.084082
-534.837714,129,22.287387
-540.785237,104,22.375738
-513.109056,137,22.488513
-542.837763,98,22.570911
-540.643979,134,22.967019
-555.751782,118,23.062877
-556.153233,187,23.217554
-537.447867,92,23.294241
-555.923167,97,23.582189
-541.090466,142,23.709614
-548.849929,93,23.791515
-564.802729,118,23.907008
-553.476337,124,24.012988
-555.6749,91,24.204614
-512.410216,128,24.315253
-511.267219,115,24.413506
-551.014389,111,24.507056
-527.701879,102,24.708723
-514.135364,121,24.815438
-517.115198,170,24.965622
-535.222135,227,25.261306
-543.647783,117,25.357923
-544.829122,95,25.43672
-522.80752,135,25.549272
-552.150688,170,25.788929
-526.127524,141,25.907946
-519.59966,111,26.001671
-571.820453,98,26.085848
-555.862516,89,26.16171
-549.02958,190,26.418363
-541.609449,131,26.52797
-556.658054,116,26.631557
-548.351939,201,26.983117
-550.802645,87,27.056029
-563.208325,325,27.32933
-562.359896,153,27.752028
-559.107187,146,27.868767
-564.191045,141,27.979444
-552.443906,346,28.37897
-541.920257,215,28.544026
-530.336196,104,28.839848
-511.568711,238,29.023822
-529.344875,253,29.314208
-569.598146,97,29.388565
-536.708833,120,29.481479
-536.035813,131,29.581634
-559.541657,157,29.795274
-537.520344,108,29.878205
-572.234586,238,30.059963
-588.487181,512,30.546955
-554.367304,110,30.631181
-525.893161,134,30.826774
-598.112285,376,31.115322
-594.875787,637,31.794405
-558.492264,271,32.0048
-569.702213,417,32.420712
-542.870065,141,32.529848
-669.541816,660,33.227976
-595.737956,199,33.380564
-588.403119,229,33.556237
-734.185936,846,34.398261
-699.997512,509,34.884646
-697.893539,488,35.355024
-235.074497,1000,36.319896
-561.74266,119,36.411369
-322.507005,1000,37.374138
-568.711889,342,37.731646
-616.270844,860,38.590535
-152.197677,1000,39.656884
-532.186012,212,39.824416
-503.425926,398,40.226845
-487.410143,382,40.543002
-449.917918,609,41.314074
-492.913786,765,42.03395
-492.65204,472,42.51205
-462.735129,335,42.879731
-50.6545,1000,43.855924
-26.830117,1000,44.841389
-478.215385,226,45.021016
152.533379,1000,46.002416
-508.662999,193,46.153845
236.320591,1000,47.130369
-361.551694,847,48.006492
429.518031,1000,48.981776
-406.815232,229,49.161074
-438.798708,246,49.47592
429.784156,1000,50.488202
557.460187,1000,51.519276
-17.810087,791,52.272009
770.709723,1000,53.252791
-94.033919,608,53.832662
751.263725,1000,58.682585
-259.721668,501,59.164407
-337.087065,336,59.516719
-244.61232,384,59.908261
751.660743,1000,60.868476
-274.233053,372,61.157366
2.880832,657,61.850573
742.131459,1000,62.886687
232.407485,900,63.803065
-152.400218,435,64.366161
742.875655,1000,65.556813
730.706235,1000,66.652275
-212.061539,308,66.980937
109.207832,678,67.596157
291.461223,711,68.328695
1113.360051,1000,69.192029
196.193194,665,69.890442
1212.513835,1000,70.84915
-57.076476,396,71.244867
-163.677794,295,71.47195
372.215675,784,72.25896
332.498526,741,72.922021
-256.788155,227,73.189207
-277.098503,195,73.34074
551.947194,906,74.221391
-300.859285,214,74.386134
-331.050305,201,74.540799
-365.487096,135,74.739103
-210.213662,287,74.959704
289.566212,742,75.827672
-265.139406,239,76.011889
1222.219963,1000,77.209824
1202.012749,1000,78.420251
397.744823,761,79.427273
-226.804779,271,79.6335
-220.441019,250,80.029745
-104.025657,365,80.308859
-262.200892,215,80.712433
-107.367578,329,80.962643
-220.49529,255,81.358134
-172.11113,294,81.582555
-256.894804,215,81.973417
428.313811,700,82.720292
248.115635,725,83.72229
-283.200051,239,83.906138
457.322266,799,84.949128
-207.481857,304,85.182261
-259.162408,227,85.579224
607.331189,733,86.237814
1251.875497,1000,87.189342
388.408495,716,87.925639
-226.846726,229,88.102842
723.702265,916,88.991832
1321.86601,1000,89.950236
195.470395,542,90.458716
-160.194643,231,90.636169
-27.099533,447,91.070383
298.915847,612,91.634499
1329.613969,1000,92.592841
145.734225,470,93.045005
584.962369,711,93.781916
-54.342991,394,94.082132
600.232222,719,94.831885
10.254946,376,95.122698
395.057349,633,95.792698
1301.092792,1000,96.751812
1481.832931,1000,97.715803
91.793522,327,97.969629
-7.152778,340,98.324164
438.095943,641,98.915023
-92.794991,331,99.267576
1530.567013,1000,100.336077
730.402109,800,101.051466
541.316163,697,101.906128
457.730217,581,102.577602
2.038976,283,102.800306
-143.717729,232,103.183546
425.905361,538,103.697881
1123.576775,960,104.634665
772.597087,825,105.368718
-152.784526,219,105.629257
1730.304444,1000,106.593084
494.804364,645,107.18627
-78.232252,252,107.381272
-137.588004,220,107.643179
1807.364157,1000,108.621845
1776.741867,1000,113.329619
205.357348,390,113.857524
494.14723,500,114.442899
-23.316215,225,114.617887
434.707779,529,115.227957
653.928581,641,115.948921
-97.952653,262,116.245045
-102.681159,245,116.434429
105.959922,387,116.826367
146.908451,372,117.202356
524.439407,604,117.761913
-163.184623,201,117.919565
318.333231,406,118.325421
1799.126743,1000,119.300603
72.097973,309,119.631609
1178.605183,861,120.39288
624.243164,623,121.056182
1293.114993,979,122.008523
677.714781,670,122.621779
-288.566191,159,122.745149
-171.858364,203,122.993717
-283.878229,164,123.120383
-259.271812,169,123.252473
75.412926,386,123.642768
230.477254,441,124.07791
-315.892399,147,124.192387
-20.913082,291,124.510273
1094.24016,831,125.245315
1778.806182,1000,126.210449
-132.639292,208,126.461532
373.120727,485,126.929868
321.174061,551,127.448855
129.585341,377,127.740412
3.948596,298,128.063748
-282.911077,159,128.187474
302.811524,431,128.614989
353.834504,538,129.259239
759.83412,713,130.242757
559.90806,577,130.917283
-164.684141,185,131.062639
-221.775344,162,131.189905
-33.982767,280,131.631405
550.132996,568,132.278536
-147.972563,188,132.425734
32.44321,302,132.756795
-122.120863,252,132.953897
916.440515,747,133.726406
392.583911,531,134.239775
74.601366,311,134.574983
55.124275,275,134.791624
788.249232,698,135.430213
635.5621,814,136.247621
35.229657,233,136.521959
825.111747,709,137.169574
-53.588489,275,137.382038
-68.874183,237,137.657602
-87.319125,220,137.829321
100.56091,324,138.171387
628.476211,578,138.712875
162.934586,338,139.070001
594.655747,578,139.613089
153.924651,362,139.987082
895.916629,760,140.672714
-23.693899,228,140.942381
42.894368,239,141.128376
8.928018,251,141.323539
1928.828684,1000,142.289762
151.342712,396,142.69321
1925.792281,1000,143.660726
1917.758629,1000,144.636703
1035.18454,807,145.465051
-94.583028,207,145.627014
-69.652526,226,145.89626
-149.897193,189,146.043969
-140.925993,194,146.196265
-139.622292,191,146.437795
44.078978,260,146.641227
44.694916,272,146.945303
238.682888,348,147.217916
24.339908,308,147.550935
595.006875,557,148.080861
-17.772169,220,148.253637
174.66015,366,148.633222
112.542595,277,148.943406
-114.046584,211,149.109509
-50.617968,238,149.388029
-36.557167,250,149.585417
1043.995872,769,150.374377
433.574294,443,150.72526
15.936265,267,151.024587
304.783637,372,151.409657
608.413778,621,151.98808
495.294973,540,152.502326
70.63475,296,152.826348
33.398281,291,153.055434
2066.556122,1000,154.027719
-99.332325,237,154.313229
719.704166,636,154.908473
54.744328,274,155.123984
-44.180514,224,155.394968
2184.65679,1000,156.366616
321.233013,438,156.807568
-88.320012,238,156.995646
556.561411,649,157.594181
1777.1572,1000,158.561741
-18.624002,248,158.849509
1135.388612,1000,159.830509
628.936215,738,160.500245
-3.873888,369,160.880731
-63.041254,306,161.118671
1089.978557,969,162.059124
-14.032704,376,162.443502
-235.68795,131,162.546438
-272.391614,222,163.555408
1064.817409,1000,164.523669
-38.203621,283,164.745593
1627.385596,1000,165.707671
-25.536943,308,166.039299
996.953083,902,166.924529
1980.808224,1000,167.887097
1498.730318,1000,168.872985
388.510208,467,169.238375
-33.655637,253,169.528287
2064.180349,1000,170.496626
163.019828,388,170.903866
1048.721888,925,171.812113
-306.182481,143,172.036775
507.418817,588,172.61192
259.684076,416,173.07959
-71.558961,228,173.271842
1045.207655,805,174.081475
1800.385871,1000,175.046121
829.377099,796,175.757857
-100.065621,206,176.007077
326.33073,528,176.505504
1563.716676,1000,177.532998
69.493742,290,177.793933
-229.203551,220,178.063716
1828.384324,1000,179.248928
-10.939029,266,179.612053
-259.764766,163,179.833349
282.566387,544,180.716328
383.725765,516,181.585884
1839.64535,1000,183.515915
2220.797736,1000,185.175221
1079.661965,794,186.730994
-24.369406,254,187.063861
-306.187007,116,187.497725
-212.140713,161,187.714776
1285.933934,786,188.930073
-46.320588,272,189.584768
-261.590961,152,189.780055
-158.121679,181,190.245
6.280769,261,190.500192
-315.178984,114,190.602393
-89.166726,222,191.053905
-111.620658,194,191.236831
-210.323098,179,191.648656
-67.745671,224,191.846985
-37.484965,242,192.043349
71.198179,289,192.391505
2274.926773,1000,193.448461
425.668985,553,194.004008
-169.102249,170,194.139078
225.031909,352,194.510007
345.356375,449,194.953548
-53.989525,221,195.127613
25.825715,290,195.450475
597.595499,603,196.015714
265.644277,576,196.557606
99.587335,352,196.923431
-232.633343,124,197.020827
-31.771401,212,197.279292
239.111118,470,197.739032
1236.327746,945,198.568079
742.646886,754,199.357378
927.87654,859,200.224961
-250.605991,113,200.314746
-135.121895,209,200.478404
-286.269674,124,200.576153
462.950206,545,201.095657
-63.732027,202,201.347136
-257.644504,119,201.441369
-228.414703,117,201.533412
-202.082272,130,201.730887
251.955563,456,202.088927
-309.106045,178,202.321682
326.946459,371,202.703239
-214.225309,119,202.796695
-237.486725,141,202.907508
-41.020814,208,203.069106
-66.988451,212,203.328093
-238.817363,153,203.447656
192.350558,370,203.832704
188.037546,398,204.238814
-204.758697,247,204.432548
-85.533966,255,204.725524
445.111013,538,205.240216
-222.483014,122,205.335911
1397.554998,969,206.277854
135.767709,357,206.646062
-208.36498,189,206.793808
425.940855,474,207.256785
388.949317,579,207.806819
-86.199581,283,208.02609
846.644891,944,209.082503
-238.019492,185,209.318442
-235.477528,200,209.473812
240.982515,600,210.033234
423.724629,534,210.558166
345.648335,584,211.108456
-88.192848,224,211.376104
-248.383765,165,211.506595
150.089756,385,211.900003
-85.594226,380,212.291373
-51.552962,206,212.452873
17.510202,334,212.804137
35.323059,398,213.206219
-101.280827,200,213.363339
82.685228,359,213.735299
327.699408,446,214.081753
249.437114,530,214.671663
52.937307,288,214.897024
575.6434,598,215.454565
2054.439138,1000,216.417177
147.903138,397,216.816926
-60.200657,216,216.987047
2066.791755,1000,218.835004
631.307035,589,219.478626
1116.326843,844,220.236817
1180.038126,893,221.125164
-142.649044,228,221.302315
2133.55799,1000,222.26903
70.021717,359,222.642505
1148.558673,778,223.435804
435.299146,430,223.77487
11.068129,248,224.060954
480.051958,456,224.511069
-76.403116,199,224.667317
1122.047415,772,225.552178
1292.72038,776,226.368637
-306.199555,141,226.479964
-156.456461,215,226.740391
872.716313,682,227.368188
2032.168159,1000,228.336429
951.298038,748,229.108865
412.901907,470,229.568775
626.788538,681,230.196348
142.807324,378,230.585043
-34.636906,334,230.847525
-330.011062,144,231.171039
1824.125272,1000,232.173427
-287.311534,122,232.492797
117.787688,374,232.790065
-126.063766,203,233.172942
-48.692565,233,233.356561
635.614845,558,234.022894
1990.252508,1000,235.222562
583.573574,651,236.190083
434.807267,393,236.501697
1976.606523,1000,237.712099
2097.195232,1000,238.925038
1961.79022,1000,240.142568
215.775845,380,240.66667
1143.922658,900,241.809521
1795.045762,1000,243.030454
610.998577,561,243.681894
2313.649501,1000,244.923238
1628.893249,948,246.079313
1342.705287,816,246.953895
962.554794,704,247.958323
554.704402,464,248.327197
-36.529745,249,248.615123
1812.852725,1000,249.594846
567.036867,540,250.116802
38.842748,345,250.483732
933.353545,647,251.092383
1474.514786,860,252.174047
2066.549292,1000,253.420413
122.296295,346,253.69819
86.678499,363,254.212061
571.905603,513,254.825603
6.460939,213,254.995314
454.066173,422,255.534533
345.63577,363,256.027354
594.2662,470,256.625067
102.558326,321,256.878751
-46.003219,220,257.277002
1227.979057,782,258.121468
-12.512404,252,258.510557
1119.470182,743,259.311038
2240.942548,1000,260.506746
236.347919,374,260.991853
169.738677,296,261.42565
934.660755,681,262.19177
-0.275405,210,262.359305
-19.998426,243,262.773975
737.26802,691,263.518283
1318.981009,787,264.325933
286.496241,434,264.764498
122.078524,256,264.966871
25.126873,211,265.133873
598.849692,548,265.659397
838.24617,628,266.341777
959.311844,642,266.942785
1051.969217,728,267.61541
-54.984801,181,267.851939
59.968622,282,268.074661
-109.789241,157,268.291855
-14.590819,201,268.451428
64.791552,294,268.776772
845.190613,569,269.316628
22.114974,266,269.526129
370.685462,402,270.015213
1320.22747,785,271.086747
354.602367,358,271.374168
142.235317,329,271.861051
-87.262238,224,272.038938
817.922013,625,272.927375
1472.496176,856,273.817308
2223.685661,1000,275.720216
-179.167138,178,275.86075
-72.773697,190,276.238768
10.996907,238,276.428011
178.0148,348,276.933964
-71.002202,184,277.08286
6.27979,213,277.476367
-107.572211,250,277.678849
1206.542143,773,278.726414
1668.149594,886,279.871764
-117.942355,151,279.996879
66.946981,263,280.208319
1557.395372,877,281.351347
-182.181142,182,281.496095
-40.59364,245,281.895521
-100.76583,189,282.04657
492.182269,449,282.49576
557.026229,575,283.044078
-118.511815,157,283.263837
-283.917674,158,283.389941
295.810929,378,283.780807
144.02589,284,284.005065
12.787853,225,284.275453
-99.338233,162,284.404334
-51.177039,201,284.563471
59.188956,267,284.867535
-217.350562,153,284.989406
-115.811124,165,285.119776
-107.443148,200,285.368492
1126.681246,823,286.114992
1071.967013,758,286.896917
206.643234,303,287.226824
-170.475001,243,287.420036
18.74222,257,287.621637
-96.821579,186,287.873316
1027.101183,739,288.55418
1806.913619,1000,289.537174
623.886102,539,290.057405
1959.402078,1000,291.032537
362.004497,425,291.466832
85.003983,272,291.77233
162.84205,401,292.087919
333.171364,410,292.50357
1543.40048,920,293.411147
1492.329117,869,294.385806
2549.216937,1000,295.356474
636.840632,528,295.864394
2163.50536,1000,296.967685
181.961513,378,297.269182
2372.639401,1000,298.346533
497.309108,679,299.073084
178.219938,352,299.353684
-85.933875,232,299.63082
381.577663,373,300.017929
388.057237,377,300.323284
892.0583,657,301.148677
-304.914787,170,301.283585
256.976859,371,301.672406
293.33744,406,301.993328
-252.460017,133,302.188628
541.572078,591,302.745933
276.944342,354,303.02448
1281.948454,783,303.826648
-164.362203,187,303.973836
-20.090326,251,304.274967
35.200559,289,304.503648
951.380381,701,305.243257
-226.76365,143,305.356982
-200.423665,260,305.652143
-65.703755,204,305.813166
211.432614,311,306.150227
233.753788,414,306.476557
292.006756,377,306.865092
-56.759356,313,307.202986
105.933869,410,307.624732
-293.499798,149,307.744974
-44.997156,250,307.950405
-246.399102,128,308.171288
416.412558,549,308.849429
-229.50358,129,308.963896
47.363212,302,309.227593
-62.398652,210,309.602835
-113.562604,255,309.802104
-21.727164,247,310.087381
46.710322,237,310.277329
-99.278749,265,310.606312
-202.807289,161,310.742426
-292.812207,130,310.846842
283.891028,556,311.503902
-248.514299,135,311.67598
-257.205143,170,311.82959
-90.639399,168,311.964094
292.499147,386,312.412777
196.103566,379,312.914465
625.266026,622,313.901826
330.976298,381,314.589686
-85.609161,210,314.877303
155.902661,367,315.5662
-102.935406,213,315.850877
235.765275,532,316.850224
-237.745849,249,317.32616
-182.849976,149,317.52737
613.35691,628,318.54918
107.499529,265,319.056879
231.335978,328,319.669069
-120.408613,220,319.972794
-129.904095,193,320.237391
-79.73813,210,320.776386
-122.350195,191,321.031556
-50.353717,213,321.454975
-202.884528,165,321.681679
-175.85539,291,322.210837
219.486077,416,322.784657
124.007706,426,323.508353
527.524684,570,324.427087
82.966656,359,325.155906
-120.012657,192,325.418225
479.4427,464,326.203262
-61.623982,207,326.647199
573.18293,665,327.693813
-371.11207,100,327.827637
438.090395,407,328.51871
229.355404,371,329.161987
-77.410711,221,329.462277
194.74452,427,330.189477
729.545426,656,331.011205
-233.87065,275,331.392734
-231.700075,115,331.496372
-39.977742,263,331.84813
79.446877,268,332.094914
101.881772,361,332.535156
655.159554,673,333.260896
1328.008438,890,335.024883
-202.404262,156,335.154037
513.147407,496,335.660537
555.214967,573,336.222994
322.753653,353,336.60587
-80.979298,196,336.775883
-60.740767,192,337.027645
161.394728,302,337.276875
92.948517,455,337.742093
108.033069,331,338.11231
-27.850381,211,338.284646
470.715236,597,338.871874
-197.901634,215,339.141991
354.726176,546,339.788428
-162.845336,177,339.932448
252.668135,380,340.443295
-41.906419,220,340.627525
-18.697551,217,341.008443
2139.942223,1000,342.24129
-153.081951,218,342.421492
441.011227,438,342.877531
-189.852399,277,343.195416
-41.854299,252,343.400872
-238.831621,140,343.514162
213.274807,436,343.966466
-4.601634,218,344.351341
-306.099604,126,344.455023
7.861029,361,344.948583
-105.280403,293,345.20719
-99.558046,200,345.574291
-90.453333,204,345.743115
253.128275,318,346.176854
-204.226591,160,346.308669
-14.117652,313,346.56387
189.545261,304,346.996027
110.32127,360,347.493622
653.942097,498,348.114147
368.138292,520,348.741299
42.073826,302,349.000484
-18.584523,215,349.393799
1264.615344,710,350.178427
979.209623,677,350.931906
91.758235,261,351.242752
161.195653,290,351.57465
-140.678627,167,351.713495
378.144558,370,352.112052
-54.756652,233,352.304857
423.079214,399,352.731107
-93.6482,178,352.87624
22.906981,242,353.180918
1122.425049,664,353.825099
6.472813,224,354.010552
1449.721356,859,354.917418
33.374891,307,355.277764
993.213714,719,355.96939
2082.78745,1000,356.978901
1597.775523,872,357.913597
-43.029473,213,358.089473
1102.312795,777,358.917747
108.67614,280,359.148865
-44.495229,194,359.401516
859.992005,639,360.030542
351.570077,387,360.444419
87.885867,297,360.692211
623.677956,472,361.177835
-80.25171,190,361.334051
357.383444,406,361.768413
-105.022696,187,362.016896
11.632514,258,362.229098
659.650226,584,362.800865
1046.132595,757,363.628756
-161.689424,176,363.785694
272.765225,361,364.280408
757.655188,512,364.814852
-10.081141,199,364.975759
-244.991856,128,365.079667
-36.288395,226,365.357603
736.9819,559,365.922841
1111.467209,661,366.558203
238.198532,285,366.885839
-65.021337,209,367.054989
186.975852,287,367.386441
-56.599069,209,367.556194
346.067317,452,368.026585
-11.374423,204,368.192395
256.720063,386,368.601365
567.98246,474,369.085164
-129.713725,192,369.242281
-106.419962,171,369.477016
1268.388557,678,370.138459
30.935201,289,370.478213
-46.918731,212,370.649568
600.419055,442,371.112756
654.057157,477,371.6043
-199.675029,131,371.711024
-93.372761,193,372.068247
191.814094,293,372.308245
851.010075,552,372.85915
1035.969976,609,373.449185
512.55486,444,373.909365
-57.781905,237,374.202979
345.656529,429,374.760609
190.45276,294,375.003911
-122.661743,189,375.356137
-77.458851,192,375.515302
58.399033,256,375.724268
616.464613,482,376.330455
917.858056,608,377.019969
-104.872317,158,377.151627
737.27269,520,377.78707
689.655438,602,378.499704
-28.545356,211,378.668556
358.073641,408,379.134612
646.181112,503,379.641567
125.47752,312,379.98479
780.580592,604,380.570885
313.953282,374,381.091714
-4.536198,214,381.266165
1604.343173,898,382.18356
-192.317246,147,382.303493
-114.384965,136,382.414823
-202.290436,136,382.619334
-114.490434,180,382.766044
-240.150249,106,382.851791
-249.339473,123,383.055445
-45.375319,201,383.216425
-269.975219,110,383.304685
160.770245,271,383.620319
-188.787101,145,383.74067
-268.591568,108,383.827955
-176.291671,165,383.962517
-32.531534,202,384.220354
-237.564099,180,384.364072
-174.103388,147,384.578198
22.462536,218,384.756155
289.517173,311,385.11213
-148.858608,135,385.224407
47.340883,251,385.433686
-99.382551,202,385.691644
-32.405154,182,385.838441
-161.118327,182,385.985797
-41.615457,188,386.232007
-288.407013,97,386.310449
-81.967814,184,386.459727
-67.314505,199,386.712936
-213.666207,136,386.823125
-167.834254,175,386.964077
-113.740879,172,387.202633
-62.953456,208,387.37066
-195.601693,145,387.488311
753.745328,529,388.774584
174.64815,290,389.103113
-71.672969,243,389.305092
-27.584714,226,389.580863
132.95947,266,389.796549
384.55179,359,390.179556
127.306741,310,390.624906
-115.87479,187,390.775137
114.525232,331,391.136792
-322.183029,85,391.205055
378.537903,371,391.744375
-103.143657,185,391.891736
-215.500816,122,391.989228
-262.719016,116,392.081738
-102.337454,191,392.438634
118.642666,293,392.672047
-277.786378,102,392.8462
-137.583146,193,393.001508
-14.554203,199,393.161754
50.299084,257,393.464975
-193.064531,141,393.581081
457.384667,449,394.05404
-262.598876,128,394.155509
-247.968591,113,394.244187
60.550253,251,394.640609
275.162343,356,395.020227
688.366049,448,395.477415
200.130442,278,395.711723
213.699689,291,396.037069
-179.194043,153,396.161022
356.552992,379,396.561781
833.864928,536,397.08759
-169.37033,148,397.209118
10.46985,228,397.39453
-35.174032,194,397.65191
109.657072,295,397.899242
111.184526,279,398.225302
-111.062263,176,398.369529
0.544133,207,398.721244
439.397668,394,399.042206
72.844832,271,399.487785
86.943295,280,399.917363
639.622102,460,400.294234
709.432498,514,400.934508
999.802929,701,401.912102
380.667511,367,402.426059
-133.305424,193,402.587062
721.686122,518,403.230518
319.923884,414,403.764116
-28.129962,217,403.94098
-17.430508,269,404.379421
-21.569412,199,404.542552
-157.191443,182,404.688727
49.467085,254,404.988785
17.510468,280,405.214276
-153.483551,183,405.45422
-97.522591,177,405.600388
475.452379,364,405.990567
-98.075641,261,406.209575
631.043912,524,406.749872
71.524461,287,407.078891
21.762403,278,407.305728
88.657526,260,407.71815
-160.392076,159,407.84645
1027.369412,617,408.571832
-285.32049,132,408.680207
87.471028,245,408.879025
-44.389415,215,409.148348
-46.382527,197,409.306887
-173.307739,150,409.429426
-44.52277,189,409.684446
213.541516,320,409.951707
141.554597,306,410.301178
-17.278204,199,410.466866
368.756602,404,411.003847
-1.979726,198,411.258901
-93.261425,178,411.41468
-56.376925,230,411.604086
227.288403,347,412.005812
-122.573727,161,412.14074
-81.666631,188,412.39348
-70.618618,219,412.591591
411.330981,426,413.036109
-73.565501,194,413.196281
-135.590402,172,413.42905
-37.603691,203,413.596692
30.276112,304,413.940377
-150.989081,171,414.080731
-136.436887,176,414.222405
169.260163,325,414.611878
-57.193476,204,414.783364
-155.00237,148,414.999697
-114.216307,187,415.15486
1252.474665,699,415.828843
956.90457,717,416.630188
-79.431253,165,416.762056
-44.834715,165,416.89279
818.603031,635,417.707694
-62.01287,159,417.835608
-136.441874,192,417.987555
-64.999559,169,418.325828
-79.561106,162,418.456545
751.278213,685,419.113857
-131.472723,154,419.338035
-143.260845,185,419.488136
131.689698,318,419.838659
-120.81406,169,419.976791
20.831699,273,420.197307
-27.34652,208,420.462772
203.06476,334,420.825378
-44.123031,245,421.034664
1051.322152,660,421.773596
599.061866,477,422.353584
-117.716796,182,422.59236
-167.992567,164,422.726493
-94.802919,186,422.87877
337.477029,423,423.315733
-144.281812,166,423.448789
-134.195851,157,423.682063
-9.55475,232,423.869061
-91.093457,161,424.001194
-79.403139,179,424.241395
372.315994,397,424.659451
429.68289,489,425.25279
-106.488564,222,425.433347
61.995947,300,425.770634
-142.83755,174,425.913026
364.853557,392,426.32402
-224.235164,163,426.457846
-95.919733,156,426.584259
-16.644133,212,426.849355
648.463294,586,427.4342
-59.61413,189,427.590243
-123.929232,151,427.907367
-112.152132,174,428.049072
7.688334,300,428.291554
-103.469087,220,428.674234
-51.068563,222,428.854847
430.878904,403,429.342975
-13.756559,295,429.680317
275.329015,415,430.213839
-144.621688,174,430.35963
-151.239512,172,430.4981
-101.364973,160,430.629339
-84.208512,189,430.877285
219.316727,324,431.138404
1062.129195,618,431.833538
-107.66701,158,431.963546
-34.021187,226,432.148965
-163.020392,160,432.370337
117.078506,269,432.593765
100.927959,252,432.892346
-139.325397,167,433.029982
-85.47547,195,433.187368
364.928048,370,433.588401
591.623947,446,434.0493
117.137207,266,434.353615
-13.80682,248,434.55414
344.262455,389,434.965839
-298.10467,176,435.10678
126.769293,279,435.423985
393.892414,370,435.738016
857.011411,531,436.272636
391.56097,383,436.685726
250.114058,313,437.046863
580.973187,439,437.498724
336.272418,356,437.785842
-117.100144,219,438.058296
253.081483,329,438.319529
322.56378,347,438.694052
305.559377,364,439.09427
-27.404827,225,439.273142
1313.517642,794,440.088567
882.24736,582,440.639033
-84.142257,184,440.783501
-238.475637,118,440.965625
381.424428,348,441.240028
102.912046,249,441.529746
26.08111,217,442.665132
655.43391,483,443.133903
439.984264,385,443.528366
527.948449,400,443.933869
194.337496,285,444.156121
479.309817,399,444.558815
22.062534,227,444.737765
533.241611,444,445.175707
311.150802,353,445.543094
440.402872,364,445.921607
224.561404,283,446.14326
174.468392,254,446.432837
37.435464,231,446.61341
785.081893,518,447.110259
512.860352,425,447.530871
281.793212,305,447.86184
907.010523,563,448.392337
631.861235,460,448.846175
355.763964,345,449.1144
258.764974,314,449.448741
114.835709,244,449.63837
43.474739,221,449.91658
272.065993,296,450.148138
331.737953,321,450.495179
286.708119,315,450.83392
264.701464,313,451.080115
223.563973,349,451.445267
193.412046,299,451.771039
-45.713586,207,451.93295
193.766724,260,452.136869
132.397148,251,452.423649
-26.452332,204,452.581596
128.46265,241,452.861005
137.245829,258,453.061937
361.551002,341,453.420395
317.726335,354,453.793318
387.15838,357,454.070727
932.353176,567,454.606393
196.264616,256,454.897886
359.284635,336,455.248934
30.719482,216,455.417036
80.693948,255,455.703604
524.022028,449,456.05376
620.187022,480,456.514414
1136.792116,671,457.328752
790.453872,543,457.843075
1723.626732,947,458.766781
731.16066,567,459.299551
-18.685959,210,459.462265
95.734397,304,459.792268
1660.643259,1000,460.885859
1365.52366,963,461.820286
555.79268,467,462.195308
760.433591,728,463.168697
-68.666213,182,463.309419
-64.109575,231,463.57956
1600.151355,846,464.325703
-76.701962,196,464.569822
697.108598,488,465.0428
1139.218189,727,465.702423
617.797668,475,466.18123
860.289109,611,466.76981
242.669708,329,467.149524
561.875473,441,467.644507
599.852616,474,468.14168
204.246634,289,468.373251
675.771187,496,468.872936
435.6971,403,469.276507
811.287527,585,469.833994
1327.617866,856,470.819787
1027.225381,654,471.579926
330.978102,440,472.022774
367.979228,393,472.480132
1084.551861,737,473.695232
-63.631184,209,474.118337
-75.195393,216,474.416863
-142.414506,181,474.661135
-34.030252,209,475.08303
234.152757,428,475.794092
762.971855,563,476.704669
-14.703197,272,477.079858
1222.285812,777,478.423267
135.139849,280,478.779469
644.099767,450,479.507088
-12.804037,248,479.975752
703.665782,487,480.774021
646.487507,487,481.435766
1236.17206,669,482.575307
423.075003,388,483.148894
572.676936,458,483.547294
297.430526,371,484.105543
1035.594811,631,484.870701
-24.506597,283,485.224874
1240.321892,710,485.934645
2044.850666,1000,486.951038
-35.179991,229,487.225516
2225.426671,1000,488.335451
-57.239857,194,488.48786
170.71771,323,488.953593
-42.308541,195,489.108699
765.55061,701,489.868733
336.316152,419,490.400621
81.762426,249,490.692877
-78.698086,213,490.860636
454.638887,412,491.273111
1524.803831,896,492.17045
66.612563,294,492.403368
193.534159,378,492.793774
800.432819,637,493.402881
2226.495,1000,494.710464
2268.67459,1000,495.959433
28.256383,281,496.413298
115.847646,272,496.644143
-76.970373,265,496.962915
779.551336,583,497.553914
-22.390714,271,498.586654
-28.903577,269,498.909624
1089.866859,674,499.639317
509.599488,405,500.080999
-46.725661,215,500.35175
206.397024,340,500.642243
-40.187745,257,500.957094
60.608363,248,501.169392
5.29503,266,501.487534
-90.084739,262,501.712076
495.306076,457,502.321439
772.326528,523,502.988878
-19.005857,259,503.301552
530.310017,453,503.68174
-29.908035,265,504.002136
11.139376,255,504.320968
1.281709,245,504.536837
212.593931,336,504.939209
1728.073462,948,505.859659
1230.646407,699,506.633498
1161.766249,672,507.299403
1069.579944,658,507.953707
0.52124,217,508.329933
56.957162,284,508.575016
668.704843,449,509.046064
71.903162,305,509.397105
54.368911,299,509.650491
290.095842,337,510.028076
1001.499658,595,510.635663
-81.323148,180,510.882705
198.0682,335,511.16613
702.089811,468,511.660892
718.954647,469,512.159951
461.409261,374,512.664006
109.306167,266,512.890372
452.561683,375,513.432268
467.531685,363,513.84695
437.559013,360,514.245204
357.392734,329,514.530349
375.955704,360,514.937739
269.08471,289,515.191038
491.895056,362,515.600416
519.207989,419,516.072144
453.447687,360,516.494902
82.639457,247,516.717658
64.450208,230,517.02624
437.898279,362,517.356919
245.128075,287,517.706879
467.891575,369,518.222195
21.171167,208,518.398072
82.33847,235,518.59447
527.777752,388,519.195013
262.823002,304,519.590747
380.931333,338,519.878611
307.82041,324,520.306662
62.849616,230,520.710895
580.162651,404,521.080534
372.104358,355,521.534091
